0,0.30569,0,0,0,0.193743,0,0,0,0.0229186,0.0229186,0,0,0.0402856,0.0402856,0,0,0,0,0,0,0,0,0,0,0,0,0,0,0.161959,0.161959,0.0387309,0.0387309,0.0827014,0.0827014,0.0129021,0.0129021,0,0,0,0,0,0,0,0,0,0,0,0,0,0,0.058734,0.058734,0,0,0,0,0,0,0,0,0,0.0690849,0.0690849,0,0,0,0,0.185353,0.185353,0.102167,0.102167,0,0,0,0,0,0,0,0,0,0,0,0,0,0,0,0,0,0,0,0,0,0.182448,0.182448,0,0,0,0,0,0,0,0,0,0,0,0,0,0,0,0,0,0,0,0,0,0.00208961,0,0,0,0,0,0,0,0,0,0,0.00208961,0,0,0,0,0,0,0,0,0,0,0,0,0,0,0,0.00700597,0,0,0.00700597,0,0,0,
0,0.291338,0,0.00216216,0,0,0,0,0,0.489468,0.489468,0,0,0,0,0,0,0,0,0,0,0,0,0,0,0,0,0,0,0,0,0,0,0,0,0.00829153,0.00829153,0.0803089,0.0803089,0,0,0,0,0.0118897,0.0118897,0,0,0,0,0,0,0,0,0.0206917,0.0206917,0,0,0,0,0,0,0,0.0136422,0.0136422,0,0,0,0,0,0,0,0,0,0,0,0,0,0,0,0,0,0,0,0.00956007,0.00956007,0,0,0,0,0,0,0,0,0.0171737,0.0171737,0,0,0,0,0,0,0,0,0,0,0,0,0,0,0,0,0,0,0,0,0,0,0,0,0,0,0,0,0,0,0,0,0,0,0,0,0,0,0,0,0,0,0,0,0,0,0,0,0.1426,0.00346392,0,0.1426,0.00346392,0,0,
0,0.50538,0,0.0266316,0,0.000385648,0.104762,0,0,0,0,0,0,0.214873,0.214873,0,0,0,0,0,0,0,0,0,0,0,0,0.190559,0.190559,0.0287244,0.0287244,2.13451e-07,2.13451e-07,0,0,0.000405935,0.000405935,0.0485365,0.0485365,0,0,0.352758,0.352758,0,0,3.24868e-07,3.24868e-07,8.42299e-06,8.42299e-06,0.00572761,0.00572761,0.175684,0.175684,0.00495442,0.00495442,0,0,0,0,0.128234,0.128234,0.0529564,0.0387313,0.0387313,0.178982,0.178982,6.09221e-05,6.09221e-05,0.000331958,0.000331958,0.000263579,0.000263579,5.98246e-05,0,0,0.04329,0.04329,0,0,0,0,0,0,0,0,0,0,0,0,0,0,0,0,0.00769954,0.00769954,0,0,0,0,0,0,0,0,0,0,3.34259e-18,3.34259e-18,0.00300922,9.82141e-11,7.86003e-14,2.41945e-07,1.11078e-15,3.41919e-09,2.73636e-12,0,3.78804e-12,1.16602e-05,1.31875e-10,9.33164e-09,4.06749e-08,2.41945e-07,9.82141e-11,3.19066e-17,7.86003e-14,3.41919e-09,2.73636e-12,0,1.16602e-05,3.78804e-12,1.31875e-10,9.33164e-09,4.06749e-08,0,0,0,0,0,0,0,0,0,0,0,0,0,0,0,0,0,0,
0,0.499952,0,0,0,0.0349457,0,0,0,0.0389581,0.0389581,0,0,0,0,0,0,0,0,0,0,0,0,0,0,0,0,0,0,0,0,0.255843,0.255843,0,0,0.258299,0.258299,0,0,0,0,0.0496399,0.0496399,0.00216172,0.00216172,0,0,0.0685226,0.0685226,0.00780338,0.00780338,0.0030211,0.0030211,0.0147546,0.0147546,0,0,0,0,0,0,0,0.0610902,0.0610902,0.00476605,0.00476605,0,0,0.0264804,0.0264804,0.0202454,0.0202454,0.000223973,0.0318562,0.0318562,0,0,0,0,0,0,0,0,0.00069906,0.00069906,0,0,0,0,0,0,0,0,0.01321,0.01321,0,0,0,0,0,0,0,0,0,0,0,0,0,0,0,0,0,0.0176993,0,0,0,0,0,0,0,0,0,0,0,0.0176993,0,0,0,0,0,0,0,0,0,0,0,0,0,0,0,0,0,0,0.0194772,0.00108076,0,0.0194772,0.00108076,0,0,
0,0.73788,0,0,0.00639515,0,0,0.435723,0.435723,0.00242625,0.00242625,0.10093,0.10093,0.00740356,0.00740356,0,0,0,0,0,0,0,0,0,0,0,0,0,0,0,0,0,0,0.00718253,0.00718253,0.0274535,0.0274535,0,0,0,0,0.0123359,0.0123359,0,0,0.035897,0.035897,0,0,0,0,0.00214927,0.00214927,0.00171682,0.00171682,0,0,0,0,0.124082,0.124082,0.100154,0.0233132,0.0233132,0.238328,0.238328,0,0,0.000879831,0.000879831,0,0,0.00202551,0,0,0.0253951,0.0253951,0,0,0,0,0,0,0.00882894,0.00882894,0,0,0,0,0,0,0,0,0,0,0,0,0,0,0,0,0,0,0,0,0,0,0,0,0,0,0,0,0,0,0,0,0.000985498,0,0,0,0,0,0,0,0,0,0,0,0.000985498,0,0,0,0,0,0,0,0,0,0,0,0,0,0.00179028,0,0.321511,0.00179028,0,0.321511,0,
0,0.265959,0,0,0,0,0,0.170705,0.170705,0,0,0,0,0,0,0,0,0,0,0,0,0,0,0,0,0,0,0,0,0,0,0.11727,0.11727,0.0106154,0.0106154,0.0145027,0.0145027,0.0265604,0.0265604,0.00753049,0.00753049,0.0480741,0.0480741,0.0016496,0.0016496,0,0,0,0,0,0,0,0,0,0,0,0,0,0,0,0,0.0447823,0,0,0,0,0,0,0.000356356,0.000356356,0.130917,0.130917,0,0.248029,0.248029,0,0,0,0,0,0,0.0292832,0.0292832,0.0770184,0.0770184,0,0,0,0,0,0,0,0,0,0,0,0,0,0,0,0,0,0,0,0,0,0,0,0,0,0,0,0,0,0,0,0,0,0,0,0,0,0,0,0,0,0,0,0,0,0,0,0,0,0,0,0,0,0,0,0,0,0,0,0.000438726,0.0454006,0,0.000438726,0.0454006,0,
0,0.165388,0.0306962,0,0,0.000119691,0.00467008,0.00010409,0.00010409,0.0998902,0.0998902,0.0228234,0.0228234,0.000107739,0.000107739,0,0,0,0,0,0,0,0,0,0,0,0,0.0467469,0.0467469,0.105129,0.105129,0.0332513,0.0332513,0,0,0,0,0.0149636,0.0149636,0,0,0.15576,0.15576,0.00171497,0.00171497,0.00149752,0.00149752,0.000756108,0.000756108,0,0,0.0031408,0.0031408,0.00640295,0.00640295,0,0,0,0,0.00971457,0.00971457,0.0490772,0,0,0.0555196,0.0555196,0.127274,0.127274,0.036515,0.036515,0.00247341,0.00247341,0,0.108845,0.108845,0.00443039,0.00443039,0,0,0,0,0,0,0,0,0,0,0,0,0,0,0,0,0.0168761,0.0168761,0,0,0,0,0,0,0,0,0,0,0,0,0.000490961,0,1.19036e-07,7.9489e-05,0,0,1.13229e-06,1.7257e-05,0,0,0,0.000157433,0.0015544,7.9489e-05,0,0,1.19036e-07,0,1.13229e-06,1.7257e-05,0,0,0,0.000157433,0.0015544,0,0.000466495,0.000466495,0,0,0,0,0,0,0,0,0.0165206,0.000283635,1.72152e-05,0.0165206,0.000283635,1.72152e-05,0,
0,0,0,0,0,0,0,0,0,0,0,0,0,0,0,0,0,0,0,0,0,0,0,0.00454208,0.021517,0,0.0100758,0,0,0,0,0,0,0,0,0,0,0,0,0,0,0,0,0,0,0,0,0,0,0,0,0,0,0,0,0,0,0,0,0,0,0,0,0,0,0,0,0,0,0,0,0,0,0,0,0,0,0,0,0,0,0,0,0,0,0,0,0,0,0,0,0,0,0,0,0,0,0,0,0,0,0,0,0,0,0,0,0,0,0,0,0,0,0,0,0,0,0,0,0,0,0,0,0,0,0,0,0,0,0,0,0,0,0,0,0,0,0,0,0,0,0,0,0,0,0,0,0,0,0,
0,0.759516,0,0,0.0506046,0,0,0,0,0,0,0.0393014,0.0393014,0,0,0,0,0,0,0,0,0,0,0,0,0,0,0,0,0,0,0,0,0.0391861,0.0391861,0.0433827,0.0433827,0,0,0.218532,0.218532,0.242898,0.242898,0,0,0.0604862,0.0604862,0.0364029,0.0364029,0.0175074,0.0175074,0.0111036,0.0111036,0,0,0,0,0,0,0,0,0,0,0,0.0265883,0.0265883,0,0,0.119848,0.119848,0.146338,0.146338,0.0922147,0,0,0.152036,0.152036,0,0,0,0,0.0211786,0.0211786,0.000717964,0.000717964,0,0,0,0,0,0,0,0,0.00735844,0.00735844,0,0,0,0,0,0,0,0,0,0,0,0,0,0,0,0,9.55232e-05,0.00157926,0.00220187,0.00143069,0,0,0.00262406,0,0,0,0,0,0,0.00157926,0.00220187,0.00143069,0,0,0.00262406,0,0,0,0,0,0,0,0,0,0,0,0,0,0,0,0,0,0,0,0,
0,0.770014,0,0,0,0,0,0,0,0,0,0,0,0,0,0,0,0,0,0,0,0,0,0,0,0,0,0,0,0.00576004,0.00576004,0,0,0.091343,0.091343,0,0,0,0,0.00621153,0.00621153,0.14475,0.14475,0,0,0,0,0,0,0,0,0,0,0,0,0,0,0,0,0,0,0,0.119759,0.119759,0,0,0.0875917,0.0875917,0,0,0,0,0.17962,0.201125,0.201125,0,0,0,0,0,0,0,0,0,0,0,0,0,0,0,0,0,0,0,0,0,0,0,0,0,0,0,0,0,0,0,0,0,0,0,0,0,0,0,0,0,0,0,0,0,0,0,0,0,0,0,0,0,0,0,0,0,0,0,0,0,0,0,0,0,0,0,0,0,0,0,0,0,0,0,
0,0.428081,0,0,0.00048418,0.093782,0,0,0,0,0,0.267499,0.267499,0.0156695,0.0156695,0,0,0,0,0,0,0,0,0,0,0,0,0.187813,0.187813,0,0,0.00471221,0.00471221,0.0271661,0.0271661,0.0721613,0.0721613,0.066695,0.066695,0.061888,0.061888,0.0231514,0.0231514,0.00898925,0.00898925,0.0436528,0.0436528,0.0076951,0.0076951,0,0,0.00186257,0.00186257,0.0748971,0.0748971,0,0,0,0,0.0090534,0.0090534,0,0,0,0.115625,0.115625,0.00269394,0.00269394,0.247329,0.247329,0,0,0,0.0430874,0.0430874,0,0,0,0,0,0,0.161137,0.161137,0,0,0,0,0,0,0,0,0,0,0.0334337,0.0334337,0,0,0,0,0,0,0,0,0,0,0,0,0,0,0,0,2.42399e-05,0.000555288,0.000335913,0.00205843,0,0,0.00315005,0,0.000885016,0,0,0,0,0.000555288,0.000335913,0.00205843,0,0,0.00315005,0,0.000885016,0,0,0,0,0,0,0,0,0,0,0,0,0.00384813,0,0,0.00384813,0,0,
0,0.152215,0,0,0,0,0,0,0,0,0,0,0,0,0,0,0,0,0,0,0,0,0,0,0,0,0,0,0,0,0,0,0,0,0,0.0515177,0.0515177,0,0,0,0,0.076694,0.076694,0,0,0,0,0,0,0.0981059,0.0981059,0,0,0,0,0,0,0,0,0,0,0,0,0,0.268937,0.268937,0,0,0,0,0,0,0,0,0,0.0930034,0.0930034,0,0,0,0,0,0,0,0,0,0,0,0,0,0,0,0,0,0,0,0,0,0,0,0,0,0,0,0,0,0,0,0,0,0,0,0,0,0,0,0,0,0,0,0,0,0,0,0,0,0,0,0,0,0,0,0,0,0,0,0,0,0,0,0,0,0,0,0,0,0,0,0,0,
0,0.273798,0.0229643,0,0,0,0,0,0,0,0,0.0636455,0.0636455,0,0,0,0,0,0,0,0,0,0,0,0,0,0,0,0,0,0,0.00464537,0.00464537,0.00857302,0.00857302,0.143147,0.143147,0.0258281,0.0258281,0,0,0.222329,0.222329,0.149441,0.149441,0.00949294,0.00949294,0.108587,0.108587,0,0,0.00844959,0.00844959,0.0956492,0.0956492,0,0,0,0,0.0256618,0.0256618,0.00496132,0.00469566,0.00469566,0.0165894,0.0165894,0.0552901,0.0552901,0.141106,0.141106,0.233784,0.233784,0.0859593,0,0,0.0882284,0.0882284,0,0,0,0,0,0,0,0,0,0,0,0,0,0,0,0,0,0,0,0,0,0,0,0,0,0,0,0,0,0,0,0,0,0,0.000147558,0.015544,0.00103081,0.0069111,0,0,0.00135889,0,0,0,0,0,0,0.015544,0.00103081,0.0069111,0,0,0.00135889,0,0,0,0,0,0,0,0,0,0,0,0,0,0,0.0409165,0,0,0.0409165,0,0,
0,0,0,0,0,0,0,0,0,0,0,0,0,0,0,0,0,0,0,0,0,0,0,0.00454208,0.021517,0,0.0100758,0,0,0,0,0,0,0,0,0,0,0,0,0,0,0,0,0,0,0,0,0,0,0,0,0,0,0,0,0,0,0,0,0,0,0,0,0,0,0,0,0,0,0,0,0,0,0,0,0,0,0,0,0,0,0,0,0,0,0,0,0,0,0,0,0,0,0,0,0,0,0,0,0,0,0,0,0,0,0,0,0,0,0,0,0,0,0,0,0,0,0,0,0,0,0,0,0,0,0,0,0,0,0,0,0,0,0,0,0,0,0,0,0,0,0,0,0,0,0,0,0,0,0,
0,0.512644,0,0,0,0,0,0.0903554,0.0903554,0,0,0,0,0,0,0,0,0,0,0,0,0,0,0,0,0,0,0,0,0,0,0,0,0,0,0,0,0.0608881,0.0608881,0.0928331,0.0928331,0,0,0.0382469,0.0382469,0.00994043,0.00994043,0,0,0,0,0,0,0,0,0,0,0,0,0.412046,0.412046,0,0,0,0,0,0.00651078,0.00651078,0,0,0,0,0,0,0,0,0,0,0,0,0,0.0357433,0.0357433,0.177428,0.177428,0,0,0,0,0,0,0,0,0,0,0,0,0,0,0,0,0,0,0,0,0,0,0,0,0,0,0,0,0,0,0,0,0,0,0,0,0,0,0,0,0,0,0,0,0,0,0,0,0,0,0,0,0,0,0,0,0,0,0,0.0196071,0.0463201,0,0.0196071,0.0463201,0,
0,0.380234,0,0,0,0.0341968,0,0,0,0.0875327,0.0875327,0,0,0,0,0,0,0,0,0,0,0,0,0,0,0,0,0.011616,0.011616,0,0,0,0,0.00932069,0.00932069,0.127781,0.127781,0,0,0.00557541,0.00557541,0.000253406,0.000253406,0,0,0,0,0.0220057,0.0220057,0,0,0.00796119,0.00796119,0.0127744,0.0127744,0,0,0,0,0,0,0.0118573,0.00091399,0.00091399,0.00571023,0.00571023,0.0698106,0.0698106,0.00526273,0.00526273,0.0507592,0.0507592,0,0,0,0,0,0,0,0,0,0.0576077,0.0576077,0.251977,0.251977,0,0,0,0,0,0,0,0,0.218522,0.218522,0,0,0,0,0,0,0,0,0,0,0,0,0,0,0,0,0,0.00281191,0,0,0,0,0,0,0,0,0,0,0,0.00281191,0,0,0,0,0,0,0,0,0,0,0,0,0,0,0,0,0,0,0.033283,0,0,0.033283,0,0,0,
0,0.966705,0,0,0,0,0,0,0,0,0,0,0,0.411571,0.411571,0,0,0,0,0,0,0,0,0,0,0,0,0,0,0,0,0,0,0,0,0,0,0,0,0.235236,0.235236,0,0,0,0,0,0,0,0,0,0,0,0,0,0,0,0,0,0,0,0,0,0,0,0,0,0.154519,0.154519,0.294076,0.294076,0,0,0.446936,0,0,0,0,0,0,0,0,0,0,0,0,0,0,0,0,0,0,0,0,0,0,0,0,0,0,0,0,0,0,0,0,0,0,0,0,0,0,0,0,0,0,0,0,0,0,0,0,0,0,0,0,0,0,0,0,0,0,0,0,0,0,0,0,0,0,0,0,0,0,0,0,0,0,0,0,0,
0,0.722542,0,0.0590916,0,0,0,0.00413372,0.00413372,0.0475515,0.0475515,0.0311165,0.0311165,0.0682129,0.0682129,0,0,0,0,0,0,0,0,0,0,0,0,0,0,0.00811391,0.00811391,0.00761136,0.00761136,0.129097,0.129097,0,0,0,0,0,0,0.00529026,0.00529026,0.0977096,0.0977096,0.248005,0.248005,0.0603352,0.0603352,0.0105085,0.0105085,0,0,0.0770655,0.0770655,0,0,0,0,0,0,0,0.0422316,0.0422316,0.0179595,0.0179595,0,0,0,0,0,0,0,0,0,0.0182692,0.0182692,0,0,0,0,0,0,0.0329358,0.0329358,0,0,0,0,0,0,0,0,0,0,0,0,0,0,0,0,0,0,0,0,0,0,0,0,0.000121412,0.000489555,0,0,0.0149635,0.00187742,0,0,0,0.00201229,0,0.000489555,0,0,0.000121412,0,0.0149635,0.00187742,0,0,0,0.00201229,0,0,0,0,0,0,0,0,0,0,0,0,0.0343579,0.0705993,0.00298679,0.0343579,0.0705993,0.00298679,0,
0,0.52319,0,0.0195163,0.00861503,0,0,0.054226,0.054226,0.0132494,0.0132494,0.000469509,0.000469509,0.0109015,0.0109015,0,0,0,0,0,0,0,0,0,0,0,0,0,0,0,0,0.102584,0.102584,0,0,0.0423363,0.0423363,0.00138142,0.00138142,0.147084,0.147084,0,0,0.00684684,0.00684684,0.000267938,0.000267938,0.00193971,0.00193971,0.263537,0.263537,0.00293563,0.00293563,0.0132569,0.0132569,0,0,0,0,0.171431,0.171431,0,0,0,0.00498248,0.00498248,0.003475,0.003475,0,0,0.000606015,0.000606015,0.000174603,0.0371388,0.0371388,0,0,0,0,0,0,0,0,0.00713013,0.00713013,0,0,0,0,0,0,0,0,0.00173569,0.00173569,0,0,0,0,0,0,0,0,0,0,0,0,0,0,0,0,2.20031e-08,8.21202e-05,5.19721e-07,9.10713e-07,0,0,1.13435e-05,0,0,0,0,0,0,8.21202e-05,5.19721e-07,9.10713e-07,0,0,1.13435e-05,0,0,0,0,0,0,0,0,0,0,0,0,0,0.00693193,0.0035822,0.0283705,0.00693193,0.0035822,0.0283705,0,
0,0.702748,0,0.00450999,0,0.0103995,0,0.107366,0.107366,0,0,0.0794449,0.0794449,0,0,0,0,0,0,0,0,0,0,0,0,0,0,0.0373042,0.0373042,0.237558,0.237558,0,0,0.0973835,0.0973835,0.123657,0.123657,0.00185728,0.00185728,0.0860243,0.0860243,0.00741724,0.00741724,0,0,0,0,0.0561208,0.0561208,0.00062606,0.00062606,0,0,0,0,0,0,0,0,0,0,0.065357,0.00632414,0.00632414,0.0948903,0.0948903,0.00122462,0.00122462,0.0243842,0.0243842,0,0,0.168068,0.00500672,0.00500672,0.0377441,0.0377441,0,0,0,0,0.0503544,0.0503544,0.0700631,0.0700631,0,0,0,0,0,0,0,0,0.0243272,0.0243272,0,0,0,0,0,0,0,0,0,0,0,0,0,0.00164859,0,0.013332,0,0.00693972,0,0.00445851,0,0.0293757,0,0,0,0.013332,0.00164859,0,0,0.00693972,0,0.00445851,0.0293757,0,0,0,0,0,0,0,0,0,0,0,0,0,0,0,0,0,0.0754512,0,0,0.0754512,0,
0,0,0,0,0,0,0,0,0,0,0,0,0,0,0,0,0,0,0,0,0,0,0,0.00454208,0.021517,0,0.0100758,0,0,0,0,0,0,0,0,0,0,0,0,0,0,0,0,0,0,0,0,0,0,0,0,0,0,0,0,0,0,0,0,0,0,0,0,0,0,0,0,0,0,0,0,0,0,0,0,0,0,0,0,0,0,0,0,0,0,0,0,0,0,0,0,0,0,0,0,0,0,0,0,0,0,0,0,0,0,0,0,0,0,0,0,0,0,0,0,0,0,0,0,0,0,0,0,0,0,0,0,0,0,0,0,0,0,0,0,0,0,0,0,0,0,0,0,0,0,0,0,0,0,0,
0,0.0594572,0,0,0,0,0,0,0,0.000107211,0.000107211,0,0,0.153816,0.153816,0,0,0,0,0,0,0,0,0,0,0,0,0.0791805,0.0791805,0,0,0.00181676,0.00181676,0,0,0.0598464,0.0598464,0,0,0.00170965,0.00170965,0.03628,0.03628,0,0,0,0,0,0,0,0,0.00945986,0.00945986,0,0,0,0,0,0,0,0,0,0,0,0.0426692,0.0426692,0,0,0,0,0.026186,0.026186,0.00275629,0.0237469,0.0237469,0,0,0,0,0,0,0,0,0.0300381,0.0300381,0,0,0,0,0,0,0,0,0,0,0,0,0,0,0,0,0,0,0,0,0,0,0,0,0,0,0,0,0,0,0,0,0,0,0.000143852,0,0,0,0,0,0,0,0,0,0,0,0.000143852,0,0,0,0,0,0,0,0,0,0,0,6.37446e-06,0,0,6.37446e-06,0,0,0,
0,0,0,0,0,0,0,0,0,0,0,0,0,0,0,0,0,0,0,0,0,0,0,0.00454208,0.021517,0,0.0100758,0,0,0,0,0,0,0,0,0,0,0,0,0,0,0,0,0,0,0,0,0,0,0,0,0,0,0,0,0,0,0,0,0,0,0,0,0,0,0,0,0,0,0,0,0,0,0,0,0,0,0,0,0,0,0,0,0,0,0,0,0,0,0,0,0,0,0,0,0,0,0,0,0,0,0,0,0,0,0,0,0,0,0,0,0,0,0,0,0,0,0,0,0,0,0,0,0,0,0,0,0,0,0,0,0,0,0,0,0,0,0,0,0,0,0,0,0,0,0,0,0,0,0,
0,0.744832,0,0.00996618,0,0,0,0,0,0.00176819,0.00176819,0.0155253,0.0155253,0.177415,0.177415,0,0,0,0,0,0,0,0,0,0,0,0,0.00290942,0.00290942,0,0,0,0,0.00931668,0.00931668,0.0416788,0.0416788,0,0,0.0432033,0.0432033,0.0404255,0.0404255,0.00360252,0.00360252,0.0421548,0.0421548,0.000911375,0.000911375,0,0,0,0,0,0,0,0,0,0,0.0531307,0.0531307,0,0,0,0,0,0,0,0,0,0,0,0,0.0037546,0.0037546,0.0146798,0.0146798,0,0,0,0,0,0,0.405281,0.405281,0,0,0,0,0,0,0,0,0.0584081,0.0584081,0,0,0,0,0,0,0,0,0,0,0,0,0,0,0,0,1.60125e-06,3.7985e-05,3.84188e-05,1.41494e-05,0,0,0.00175696,0,0,0,0,0,0,3.7985e-05,3.84188e-05,1.41494e-05,0,0,0.00175696,0,0,0,0,0,0,0,0,0,0,0,0,0,0.001317,0.00268327,0,0.001317,0.00268327,0,0,
0,0,0,0,0,0,0,0,0,0,0,0,0,0,0,0,0,0,0,0,0,0,0,0.00454208,0.021517,0,0.0100758,0,0,0,0,0,0,0,0,0,0,0,0,0,0,0,0,0,0,0,0,0,0,0,0,0,0,0,0,0,0,0,0,0,0,0,0,0,0,0,0,0,0,0,0,0,0,0,0,0,0,0,0,0,0,0,0,0,0,0,0,0,0,0,0,0,0,0,0,0,0,0,0,0,0,0,0,0,0,0,0,0,0,0,0,0,0,0,0,0,0,0,0,0,0,0,0,0,0,0,0,0,0,0,0,0,0,0,0,0,0,0,0,0,0,0,0,0,0,0,0,0,0,0,
0,0.457724,0,0,0,0,0,0,0,0.0487321,0.0487321,0,0,0,0,0,0,0,0,0,0,0,0,0,0,0,0,0.0337972,0.0337972,0,0,0,0,0,0,0,0,0,0,0,0,0.153568,0.153568,0,0,0,0,0.144693,0.144693,0,0,0,0,0.0915401,0.0915401,0,0,0,0,0,0,0.0266362,0,0,0,0,0.0128629,0.0128629,0.0436101,0.0436101,0.0728955,0.0728955,0,0.166829,0.166829,0,0,0,0,0,0,0,0,0,0,0,0,0,0,0,0,0,0,0.197039,0.197039,0,0,0,0,0,0,0,0,0,0,0,0,0,0,0,0,0,0,0,0,0,0,0,0,0,0,0,0,0,0,0,0,0,0,0,0,0,0,0,0,0,0,0,0,0,0,0,0,0.0223059,0,0,0.0223059,0,0,0,
0,0.421211,0,0,0,0,0.0595461,0,0,0,0,0,0,0,0,0,0,0,0,0,0,0,0,0,0,0,0,0,0,0,0,0,0,0,0,0.0565817,0.0565817,0,0,0,0,0,0,0,0,0,0,0.0989192,0.0989192,0,0,0,0,0,0,0,0,0,0,0.345723,0.345723,0,0,0,0,0,0,0,0,0,0,0,0,0,0,0,0,0,0,0,0,0,0,0,0,0,0,0,0,0,0,0,0,0,0,0,0,0,0,0,0,0,0,0,0,0,0,0,0,0,0,0,0.00559702,0,0,0,0,0,0,0,0,0,0,0,0.00559702,0,0,0,0,0,0,0,0,0,0,0,0,0,0,0,0,0,0,0,0,0,0,0,0,0,
0,0.746132,0.30443,0,0,0,0,0,0,0.0312624,0.0312624,0,0,0.0200232,0.0200232,0,0,0,0,0,0,0,0,0,0,0,0,0,0,0,0,0.0137401,0.0137401,0,0,0.00766718,0.00766718,0,0,0,0,0,0,0,0,0.0586199,0.0586199,0,0,0,0,0.0100308,0.0100308,0.00385228,0.00385228,0,0,0,0,0,0,0,0.0116622,0.0116622,0.00226439,0.00226439,0,0,0,0,0.0175376,0.0175376,0.145533,0,0,0.00234524,0.00234524,0,0,0,0,0,0,0,0,0,0,0,0,0,0,0,0,0.223879,0.223879,0,0,0,0,0,0,0,0,0,0,0,0,0,0,0,0,0,0,0,0,0,0,0.000449449,0,0,0,0,0,0,0,0,0,0,0,0.000449449,0,0,0,0,0,0,0,0,0,0,0,0,0,0.0233259,0,0,0.0233259,0,0,0,
0,0,0,0,0,0,0,0,0,0,0,0,0,0,0,0,0,0,0,0,0,0,0,0.00454208,0.021517,0,0.0100758,0,0,0,0,0,0,0,0,0,0,0,0,0,0,0,0,0,0,0,0,0,0,0,0,0,0,0,0,0,0,0,0,0,0,0,0,0,0,0,0,0,0,0,0,0,0,0,0,0,0,0,0,0,0,0,0,0,0,0,0,0,0,0,0,0,0,0,0,0,0,0,0,0,0,0,0,0,0,0,0,0,0,0,0,0,0,0,0,0,0,0,0,0,0,0,0,0,0,0,0,0,0,0,0,0,0,0,0,0,0,0,0,0,0,0,0,0,0,0,0,0,0,0,
0,0.243033,0,0.174226,0.0676111,0,0.174114,0.00858269,0.00858269,0,0,0,0,0.00143034,0.00143034,0,0,0,0,0,0,0,0,0,0,0,0,0.0102903,0.0102903,0,0,0.20317,0.20317,0.0776483,0.0776483,0.116567,0.116567,0,0,0.00546733,0.00546733,0.0489377,0.0489377,0,0,0,0,0.00312049,0.00312049,0,0,0.00064433,0.00064433,0.160816,0.160816,0,0,0,0,0.130965,0.130965,0.0166447,0.045007,0.045007,0,0,0.0939762,0.0939762,0.04572,0.04572,0,0,0,0.0115152,0.0115152,0.0066074,0.0066074,0,0,0,0,0,0,0.0589037,0.0589037,0,0,0,0,0,0,0,0,0.077275,0.077275,0,0,0,0,0,0,0,0,0,0,0,0,0,0,0,0,0,0.000363746,0,0,0,0,0,0,0.00209067,0,0,0,0,0.000363746,0,0,0,0,0,0,0.00209067,0,0,0,0,0,0,0,0,0,0,0,0,0,0.00208588,0,0,0.00208588,0,
0,0.771848,0,0.0091284,0,0,0.0175681,0,0,0,0,0.0108976,0.0108976,0,0,0,0,0,0,0,0,0,0,0,0,0,0,0,0,0,0,0.0740482,0.0740482,0,0,0,0,0,0,0.00158217,0.00158217,0.0808278,0.0808278,0,0,0.0751387,0.0751387,0,0,0.0480929,0.0480929,0,0,0.257171,0.257171,0,0,0,0,0,0,0,0,0,0.0156464,0.0156464,0,0,0.0882818,0.0882818,0.185447,0.185447,0.131964,0.0451293,0.0451293,0.140244,0.140244,0,0,0,0,0.0771856,0.0771856,0,0,0,0,0,0,0,0,0,0,0,0,0,0,0,0,0,0,0,0,0,0,0,0,0,0,0,0,0,0,0,0,0,0,0,0,0,0,0,0,0,0,0,0,0,0,0,0,0,0,0,0,0,0,0,0,0,0,0,0,0,0,0,0,0,0,0,
0,0.320985,0,0.0116028,0,0.103897,0.074159,0,0,0,0,0,0,0,0,0,0,0,0,0,0,0,0,0,0,0,0,0.0511997,0.0511997,0.0107219,0.0107219,0.166956,0.166956,0,0,0.107827,0.107827,0.101608,0.101608,0,0,0.0029842,0.0029842,0.0165896,0.0165896,0.0132249,0.0132249,0.0252576,0.0252576,0,0,0.172281,0.172281,0.0326767,0.0326767,0,0,0,0,0.0402714,0.0402714,0,0.162189,0.162189,0,0,0.114794,0.114794,0.00364186,0.00364186,0,0,0,0.210907,0.210907,0.0131557,0.0131557,0,0,0,0,0.00106726,0.00106726,0.00637101,0.00637101,0,0,0,0,0,0,0,0,0.0216976,0.0216976,0,0,0,0,0,0,0,0,0,0,2.86385e-08,2.86385e-08,0.000795127,2.92007e-05,3.58144e-06,0.00027081,3.60175e-05,0.00272346,0.00033403,0,1.52895e-05,0.00115612,0.00142601,0.000141797,0.0085481,0.00027081,2.92007e-05,3.86177e-07,3.58144e-06,0.00272346,0.00033403,0,0.00115612,1.52895e-05,0.00142601,0.000141797,0.0085481,0,0,0,0,0,0,0,0,0,0,0,0,0.00532503,0,0,0.00532503,0,0,
0,0.183258,0,0,0,0.0397949,0,0.133279,0.133279,0,0,0.13942,0.13942,0.0781104,0.0781104,0,0,0,0,0,0,0,0,0,0,0,0,0,0,0.000386654,0.000386654,0.0186342,0.0186342,0.044033,0.044033,0.125545,0.125545,0.00265712,0.00265712,0.00989889,0.00989889,7.47988e-05,7.47988e-05,0,0,0.0225026,0.0225026,0.0189219,0.0189219,0,0,0.000186526,0.000186526,0,0,0,0,0,0,0.218846,0.218846,0,0.011486,0.011486,0.063667,0.063667,0.00924773,0.00924773,0.00595247,0.00595247,0.00581864,0.00581864,0,0,0,0.0989405,0.0989405,0,0,0,0,0,0,0.0222942,0.0222942,0,0,0,0,0,0,0,0,0.00882119,0.00882119,0,0,0,0,0,0,0,0,0,0,0,0,0,9.18514e-07,1.64634e-07,7.31623e-06,5.3456e-05,0.00237555,0.000425793,0.00263808,1.09233e-06,4.85424e-05,0.00282509,8.70073e-06,0,7.31623e-06,9.18514e-07,2.0669e-08,1.64634e-07,0.00237555,0.000425793,0.00263808,4.85424e-05,1.09233e-06,0.00282509,8.70073e-06,0,0,0,0,0,0,0,0,0,0,0,0,0,0,0.0244244,0,0,0.0244244,0,
0,0.380864,0,0.0191923,0.0583925,0.023694,0.064087,0.0562432,0.0562432,0.0647286,0.0647286,0,0,0.0347172,0.0347172,0,0,0,0,0,0,0,0,0,0,0,0,0.104833,0.104833,0.0451108,0.0451108,0.00189119,0.00189119,0.114747,0.114747,0,0,0.0717773,0.0717773,0.00564122,0.00564122,0.0340022,0.0340022,0.106426,0.106426,0.00419181,0.00419181,0.028739,0.028739,0,0,0.0401035,0.0401035,0,0,0,0,0,0,0.135453,0.135453,0,0.00265546,0.00265546,0.117719,0.117719,0.00618944,0.00618944,0.00751001,0.00751001,0.0336234,0.0336234,0,0.0529242,0.0529242,0.0981634,0.0981634,0,0,0,0,0,0,0.0975369,0.0975369,0,0,0,0,0,0,0,0,0.150405,0.150405,0,0,0,0,0,0,0,0,0,0,0,0,0.00289102,0,5.43443e-06,0.00129644,0,0,0.000120468,0,0,0,0,0.000189096,0.00019826,0.00129644,0,0,5.43443e-06,0,0.000120468,0,0,0,0,0.000189096,0.00019826,0,0.00414826,0.00414826,0,0,0,0,0,0,0,0,0.0246528,0.040534,0.021421,0.0246528,0.040534,0.021421,0,
0,0.111054,0,0.0128202,0,0,0.137634,0.000848852,0.000848852,0,0,0.000146754,0.000146754,0.121398,0.121398,0,0,0,0,0,0,0,0,0,0,0,0,0,0,0.0923831,0.0923831,0.00428023,0.00428023,0,0,0,0,0.00610336,0.00610336,0.0497416,0.0497416,0.0134688,0.0134688,0.0167968,0.0167968,0,0,0.189958,0.189958,0.154953,0.154953,0,0,0.0251276,0.0251276,0,0,0,0,0.0233269,0.0233269,0,0.024015,0.024015,0.0219604,0.0219604,0.00182616,0.00182616,0,0,0.00146988,0.00146988,0.00078414,0,0,0,0,0,0,0,0,0,0,0.0467312,0.0467312,0,0,0,0,0,0,0,0,0.117019,0.117019,0,0,0,0,0,0,0,0,0,0,0,0,0.012715,0,0,0.0175489,0,0,0,2.7877e-05,0,0,0,0,0,0.0175489,0,0,0,0,0,2.7877e-05,0,0,0,0,0,0,0,0,0,0,0,0,0,0,0,0,0,0.00186536,9.42685e-05,0,0.00186536,9.42685e-05,0,
0,0.452321,0.513621,0,0.00108035,0,0.0264568,0.0449853,0.0449853,0.0185982,0.0185982,0,0,0.00914612,0.00914612,0,0,0,0,0,0,0,0,0,0,0,0,0,0,0.033113,0.033113,0,0,0.063931,0.063931,0.0287937,0.0287937,0,0,0,0,0.0474549,0.0474549,0,0,0.0806228,0.0806228,0.155008,0.155008,0.0758792,0.0758792,0,0,0.019933,0.019933,0,0,0,0,0,0,0,0,0,0.00022697,0.00022697,0.0495467,0.0495467,0,0,0,0,0.0463549,0.134536,0.134536,0,0,0,0,0,0,0.0819428,0.0819428,0.153538,0.153538,0,0,0,0,0,0,0,0,0.00303224,0.00303224,0,0,0,0,0,0,0,0,0,0,3.15244e-07,3.15244e-07,0.000876065,0.000147792,0.000413821,0.0051328,0.000359841,0.00446327,0.0124972,0,7.68696e-05,0.000953447,0.00232143,0.00266967,0,0.0051328,0.000147792,1.19154e-05,0.000413821,0.00446327,0.0124972,0,0.000953447,7.68696e-05,0.00232143,0.00266967,0,0,0.000492048,0.000492048,0,0,0,0,0,0,0,0,0.00841235,0,0.0203478,0.00841235,0,0.0203478,0,
0,0,0,0,0,0,0,0,0,0,0,0,0,0,0,0,0,0,0,0,0,0,0,0.00454208,0.021517,0,0.0100758,0,0,0,0,0,0,0,0,0,0,0,0,0,0,0,0,0,0,0,0,0,0,0,0,0,0,0,0,0,0,0,0,0,0,0,0,0,0,0,0,0,0,0,0,0,0,0,0,0,0,0,0,0,0,0,0,0,0,0,0,0,0,0,0,0,0,0,0,0,0,0,0,0,0,0,0,0,0,0,0,0,0,0,0,0,0,0,0,0,0,0,0,0,0,0,0,0,0,0,0,0,0,0,0,0,0,0,0,0,0,0,0,0,0,0,0,0,0,0,0,0,0,0,
0,0,0,0,0,0,0,0,0,0,0,0,0,0,0,0,0,0,0,0,0,0,0,0.00454208,0.021517,0,0.0100758,0,0,0,0,0,0,0,0,0,0,0,0,0,0,0,0,0,0,0,0,0,0,0,0,0,0,0,0,0,0,0,0,0,0,0,0,0,0,0,0,0,0,0,0,0,0,0,0,0,0,0,0,0,0,0,0,0,0,0,0,0,0,0,0,0,0,0,0,0,0,0,0,0,0,0,0,0,0,0,0,0,0,0,0,0,0,0,0,0,0,0,0,0,0,0,0,0,0,0,0,0,0,0,0,0,0,0,0,0,0,0,0,0,0,0,0,0,0,0,0,0,0,0,
0,0.945354,0,0,0,0,0,0,0,0.0200279,0.0200279,0,0,0,0,0,0,0,0,0,0,0,0,0,0,0,0,0,0,0,0,0,0,0,0,0.13213,0.13213,0,0,0,0,0,0,0,0,0,0,0,0,0.0414164,0.0414164,0,0,0,0,0,0,0,0,0,0,0,0,0,0,0,0,0,0,0,0,0,0,0,0,0.0525052,0.0525052,0,0,0,0,0.233905,0.233905,0,0,0,0,0,0,0,0,0,0,0,0,0,0,0,0,0,0,0,0,0,0,0,0,0,0,0,0,0,0,0,0,0,0,0,0,0,0,0,0,0,0,0,0,0,0,0,0,0,0,0,0,0,0,0,0,0,0,0,0,0.0189335,0,0,0.0189335,0,0,0,
0,0.585019,0,0,0,0,0.241532,0,0,0.228851,0.228851,0,0,0,0,0,0,0,0,0,0,0,0,0,0,0,0,0.405846,0.405846,0,0,0.0122242,0.0122242,0,0,0,0,0,0,0.131309,0.131309,0,0,0,0,0,0,0.101595,0.101595,0,0,0,0,0,0,0,0,0,0,0,0,0,0,0,0,0,0.0326018,0.0326018,0,0,0,0,0.00305015,0.0379192,0.0379192,0,0,0,0,0,0,0,0,0.0818653,0.0818653,0,0,0,0,0,0,0,0,0,0,0,0,0,0,0,0,0,0,0,0,0,0,0,0,0,0,0,0,0,0,0,0,0,0,0.00496115,0,0,0,0,0,0,0,0,0,0,0,0.00496115,0,0.0552748,0.0552748,0,0,0,0,0,0,0,0,0.133882,0,0,0.133882,0,0,0,
0,0.588165,0.00455889,0,0,0,0,0,0,0.060985,0.060985,0,0,0.0072529,0.0072529,0,0,0,0,0,0,0,0,0,0,0,0,0.0400804,0.0400804,0.0163205,0.0163205,0.198335,0.198335,0.215685,0.215685,0.0222226,0.0222226,0.121339,0.121339,0,0,0.0734717,0.0734717,0,0,0.00443452,0.00443452,0.003745,0.003745,0,0,0,0,0,0,0,0,0,0,0.0644933,0.0644933,0,0.025776,0.025776,0.142234,0.142234,0,0,0,0,0,0,0,0.0596029,0.0596029,0,0,0,0,0,0,0.0951721,0.0951721,0,0,0,0,0,0,0,0,0,0,0,0,0,0,0,0,0,0,0,0,0,0,0,0,0,1.35825e-06,2.71039e-07,6.11202e-05,3.69057e-07,8.32236e-05,1.66073e-05,0,1.60832e-06,0.000362683,9.85465e-05,7.23735e-05,0.00794934,6.11202e-05,1.35825e-06,6.02318e-09,2.71039e-07,8.32236e-05,1.66073e-05,0,0.000362683,1.60832e-06,9.85465e-05,7.23735e-05,0.00794934,0,0,0,0,0,0,0,0,0,0,0,0.0358692,0,0,0.0358692,0,0,0,
0,0.0991381,0,0,0.000172634,0,0,0,0,0,0,0.0157502,0.0157502,0.0279573,0.0279573,0,0,0,0,0,0,0,0,0,0,0,0,0,0,0,0,0.130038,0.130038,0,0,0,0,0.0706282,0.0706282,0,0,0.242956,0.242956,0.00193613,0.00193613,0.0926224,0.0926224,0,0,0.00984775,0.00984775,0,0,0,0,0,0,0,0,0.015872,0.015872,0,0,0,0,0,0.0768541,0.0768541,0,0,0,0,0.00291796,0,0,0,0,0,0,0,0,0,0,0,0,0,0,0,0,0,0,0,0,0,0,0,0,0,0,0,0,0,0,0,0,0,0,0,0,0,0,0,0,0,0,0,0,0,0,0,0,0,0,0,0,0,0,0,0,0,0,0,0,0,0,0,0,0,0,0,0,0,0,0,0.000191944,0,0,0.000191944,0,0,
0,0.602917,0,0,0,0,0.0961023,0.0143222,0.0143222,0.0200746,0.0200746,0.000987875,0.000987875,0,0,0,0,0,0,0,0,0,0,0,0,0,0,0,0,0,0,0,0,0,0,0.0671762,0.0671762,0,0,0,0,0,0,0.351104,0.351104,0,0,0.341539,0.341539,0.111811,0.111811,0,0,0.191975,0.191975,0,0,0,0,0.0287826,0.0287826,0,0.137124,0.137124,0,0,0,0,0,0,0,0,0,0.172428,0.172428,0,0,0,0,0,0,0.130705,0.130705,0.0704761,0.0704761,0,0,0,0,0,0,0,0,0,0,0,0,0,0,0,0,0,0,0,0,0,0,0,0,0,0,0,0.0229433,0,0.000337398,0,0,0,0,0,0,0,0,0,0.0229433,0,0.000337398,0,0,0,0,0,0,0.00192922,0.00192922,0,0,0,0,0,0,0,0,0.0121033,0.211686,0.00863512,0.0121033,0.211686,0.00863512,0,
0,0.705792,0,0.228664,0.0565469,0,0,0,0,0,0,0,0,0.162853,0.162853,0,0,0,0,0,0,0,0,0,0,0,0,0,0,0,0,0,0,0,0,0,0,0.0243125,0.0243125,0.0341728,0.0341728,0,0,0,0,0.00577036,0.00577036,0,0,0,0,0,0,0.135228,0.135228,0,0,0,0,0,0,0,0,0,0.0292213,0.0292213,0,0,0,0,0,0,0,0.0653694,0.0653694,0,0,0,0,0,0,0,0,0,0,0,0,0,0,0,0,0,0,0,0,0,0,0,0,0,0,0,0,0,0,0,0,0,0,0,0,0,0,0,0,0,0,0,0,0,0,0,0,0,0,0,0,0,0,0,0,0,0,0,0,0,0,0,0,0,0,0,0,0,0,0,0,0,0,0,
0,0.856445,0,0,0.0527949,0.0542627,0,0.0298228,0.0298228,0.182336,0.182336,0,0,0.00300456,0.00300456,0,0,0,0,0,0,0,0,0,0,0,0,0,0,0.00543059,0.00543059,0,0,0.117367,0.117367,0,0,0,0,0.00033399,0.00033399,0.0427794,0.0427794,0,0,0.170345,0.170345,0,0,0.00354502,0.00354502,0.00503673,0.00503673,0,0,0,0,0,0,0,0,0,0,0,0.105939,0.105939,0.00774556,0.00774556,0,0,0,0,0,0,0,0,0,0,0,0,0,0,0,0.0295212,0.0295212,0,0,0,0,0,0,0,0,0.00342371,0.00342371,0,0,0,0,0,0,0,0,0,0,0,0,0,0,0,0,0,0,0,0,0,0,0,0.000925073,0,0,0,0,0,0,0,0,0,0,0,0.000925073,0,0,0,0,0,0,0,0,0,0,0,0,0.15616,0,0.0255416,0.15616,0,0.0255416,0,
0,0.573106,0,0,0,0,0,0,0,0,0,0,0,0,0,0,0,0,0,0,0,0,0,0,0,0,0,0,0,0,0,0,0,0.00549497,0.00549497,0.0123365,0.0123365,0,0,4.22436e-05,4.22436e-05,0.0360942,0.0360942,0,0,0,0,0,0,0.00310255,0.00310255,0,0,0,0,0,0,0,0,0,0,0,0,0,0.00675655,0.00675655,0.00042936,0.00042936,0,0,0,0,0,0.34796,0.34796,0,0,0,0,0,0,0,0,0.0577557,0.0577557,0,0,0,0,0,0,0,0,0,0,0,0,0,0,0,0,0,0,0,0,0,0,0,0,0,0,0,0,0,0,0,0,0,0,0,0,0,0,0,0,0,0,0,0,0,0,0,0,0,0,0,0,0,0,0,0,0,0,0,0,0,0,0,0,0,
0,0.692945,0,0,0,0,0,0,0,0.00280507,0.00280507,0.0475154,0.0475154,0.0421187,0.0421187,0,0,0,0,0,0,0,0,0,0,0,0,0.190605,0.190605,0.0983218,0.0983218,0,0,0.329268,0.329268,0,0,0.0666005,0.0666005,0,0,0,0,0,0,0.0655036,0.0655036,0.00423575,0.00423575,0,0,0,0,0,0,0,0,0,0,0,0,0,0,0,0,0,0,0,0.000459749,0.000459749,0.135941,0.135941,0,0,0,0,0,0,0,0,0,0,0,0.0292631,0.0292631,0,0,0,0,0,0,0,0,0.122043,0.122043,0,0,0,0,0,0,0,0,0,0,0,0,0,0,2.72801e-05,0.000416467,0,0,0.000277457,0.000201263,0,0,0,0.00644043,0,0.000416467,0,0,2.72801e-05,0,0.000277457,0.000201263,0,0,0,0.00644043,0,0,0,0,0,0,0,0,0,0,0,0,0.00194376,0,0,0.00194376,0,0,0,
0,0.686577,0,0,0,0,0,0,0,0,0,0,0,0,0,0,0,0,0,0,0,0,0,0,0,0,0,0,0,0,0,0,0,0.00762758,0.00762758,0,0,0,0,0,0,0.0189326,0.0189326,0,0,0.0151626,0.0151626,0,0,0.390492,0.390492,0,0,0,0,0,0,0,0,0,0,0,0.234583,0.234583,0,0,0,0,0,0,0.317072,0.317072,0,0,0,0.103946,0.103946,0,0,0,0,0.0100605,0.0100605,0,0,0,0,0,0,0,0,0,0,0.0144286,0.0144286,0,0,0,0,0,0,0,0,0,0,0,0,0,0,0,0,0,0,0,0,0,0,0,0,0,0,0,0,0,0,0,0,0,0,0,0,0,0,0,0,0,0,0,0,0,0,0,0,0,0,0,0,0,0,0,
0,0.481451,0.00375918,0,0,0,0.0184213,0,0,0.0269075,0.0269075,0,0,0.000361682,0.000361682,0,0,0,0,0,0,0,0,0,0,0,0,0,0,0.265529,0.265529,0,0,0,0,0.0734981,0.0734981,0.0127944,0.0127944,0.0929626,0.0929626,0.0735556,0.0735556,0.144394,0.144394,0,0,0.0430096,0.0430096,0.0491973,0.0491973,0.00298497,0.00298497,0.046938,0.046938,0,0,0,0,0.070797,0.070797,0,0.0911253,0.0911253,0.033909,0.033909,0.0351328,0.0351328,0.0359208,0.0359208,0,0,0,0.000856988,0.000856988,0,0,0,0,0,0,7.57465e-05,7.57465e-05,0.0249875,0.0249875,0,0,0,0,0,0,0,0,0.217135,0.217135,0,0,0,0,0,0,0,0,0,0,0,0,0.00489139,0.00083937,0,0.0114203,0,0.00316112,0,0,0,0.0195159,0,0,0,0.0114203,0.00083937,0,0,0.00316112,0,0,0.0195159,0,0,0,0,0,0.000495671,0.000495671,0,0,0,0,0,0,0,0,0.0129547,0.0695186,0,0.0129547,0.0695186,0,0,
0,0.634861,0,0.00859781,0,0.0579137,0,0,0,0,0,0.00111577,0.00111577,0.105528,0.105528,0,0,0,0,0,0,0,0,0,0,0,0,0.0814881,0.0814881,0,0,0.0150505,0.0150505,0.0677059,0.0677059,0,0,0,0,0,0,0,0,0,0,0.120145,0.120145,0.0672034,0.0672034,0,0,0,0,0,0,0,0,0,0,0.0328862,0.0328862,0.0150252,0.0404571,0.0404571,0.00674735,0.00674735,0.0182561,0.0182561,0.191879,0.191879,0.103346,0.103346,0.0374522,0.0869816,0.0869816,0.0783806,0.0783806,0,0,0,0,0,0,0,0,0,0,0,0,0,0,0,0,0.152324,0.152324,0,0,0,0,0,0,0,0,0,0,0,0,0,0,0,0,0,0,0.00807417,7.49832e-05,0,0,0,0,0.00122644,0,0,0,0,0,0.00807417,7.49832e-05,0,0,0,0,0.00122644,0,0,0,0,0,0,0,0,0,0,0,0,0,0,0,0,0,0,
0,0.447041,0,0,0,0,0,0,0,0,0,0,0,0,0,0,0,0,0,0,0,0,0,0,0,0,0,0,0,0,0,0.109419,0.109419,0,0,0,0,0.0451529,0.0451529,0,0,0,0,0.0257627,0.0257627,0,0,0.00196283,0.00196283,0.0826499,0.0826499,0.195486,0.195486,0.289325,0.289325,0,0,0,0,0,0,0,0.237657,0.237657,0,0,0,0,0,0,0,0,0,0,0,0.222931,0.222931,0,0,0,0,0,0,0,0,0,0,0,0,0,0,0,0,0,0,0,0,0,0,0,0,0,0,0,0,0,0,0,0,0,0,0,0,0,0,0,0,0,0,0,0,0,0,0,0,0,0,0,0,0,0,0,0,0,0,0,0,0,0,0,0,0,0,0,0.011517,0,0,0.011517,0,0,
0,0.584996,0,0,0,0,0,0.00262072,0.00262072,0.261646,0.261646,0,0,0.0569534,0.0569534,0,0,0,0,0,0,0,0,0,0,0,0,0,0,0,0,0,0,0.0236691,0.0236691,0,0,0.18888,0.18888,0.122795,0.122795,0.000768309,0.000768309,0.0286144,0.0286144,0,0,0,0,0.00353237,0.00353237,0.00597608,0.00597608,0,0,0,0,0,0,0,0,0,0.166029,0.166029,0,0,0,0,0.0752396,0.0752396,0,0,0,0.125717,0.125717,0,0,0,0,0,0,0.0105729,0.0105729,0.00620405,0.00620405,0,0,0,0,0,0,0,0,0.0523633,0.0523633,0,0,0,0,0,0,0,0,0,0,0,0,0,0,0,0,0,0,0,0,0,0,0,0,0,0,0,0,0,0,0,0,0,0,0,0,0,0,0,0,0,0,0,0,0,0,0,0,0.153062,0.0167393,0.00153311,0.153062,0.0167393,0.00153311,0,
0,0.795278,0,0,0,0,0.0172446,0.0289681,0.0289681,0,0,0.0101736,0.0101736,0,0,0,0,0,0,0,0,0,0,0,0,0,0,0,0,0.0570449,0.0570449,0,0,0,0,0,0,0,0,0,0,0.00811888,0.00811888,0,0,0,0,0.0956584,0.0956584,0,0,0,0,0.0354949,0.0354949,0,0,0,0,0.00751689,0.00751689,0,0,0,0,0,0.00174007,0.00174007,0.0543843,0.0543843,0,0,0,0,0,0.195124,0.195124,0,0,0,0,0,0,0,0,0,0,0,0,0,0,0,0,0,0,0,0,0,0,0,0,0,0,0,0,0,0,0.000983716,0,0,0.00545682,0,0,0,0.00097319,0,0,0,0,0,0.00545682,0,0,0,0,0,0.00097319,0,0,0,0,0,0,0,0,0,0,0,0,0,0,0,0,0,0,0.0230377,0,0,0.0230377,0,
0,0.456163,0,0,0,0,0,0,0,0.0129585,0.0129585,0.0724243,0.0724243,0,0,0,0,0,0,0,0,0,0,0,0,0,0,0.291909,0.291909,0,0,0.1213,0.1213,0,0,0.0497415,0.0497415,0,0,0,0,0,0,0,0,0,0,0,0,0,0,0,0,0,0,0,0,0,0,0,0,0,0.0520121,0.0520121,0,0,0.148921,0.148921,0,0,0.176931,0.176931,0,0.0443304,0.0443304,0.225415,0.225415,0,0,0,0,0,0,0,0,0,0,0,0,0,0,0,0,0,0,0,0,0,0,0,0,0,0,0,0,0,0,0,0,0,0,0,0,0,0,0,0,0,0,0.0354085,0,0,0,0,0,0,0,0,0,0,0,0.0354085,0,0,0,0,0,0,0,0,0,0,0,0.00591121,0,0,0.00591121,0,0,0,
0,0.420016,0,0,0.123971,0.0716889,0,0,0,0.0632132,0.0632132,0,0,0,0,0,0,0,0,0,0,0,0,0,0,0,0,0,0,0,0,0.0945419,0.0945419,0,0,0,0,0,0,0,0,0,0,0,0,0,0,0,0,0,0,0,0,0,0,0,0,0,0,0,0,0,0.21773,0.21773,0.224161,0.224161,0.215633,0.215633,0,0,0.01078,0.01078,0,0,0,0,0,0,0,0,0,0,0,0,0,0,0,0,0,0,0,0,0,0,0,0,0,0,0,0,0,0,0,0,0,0,0,0,0,0,0,0,0,0,0,0,0,0,0,0,0,0,0,0,0,0,0,0,0,0,0,0,0,0,0,0,0,0,0,0,0,0,0,0.0265506,0,0,0.0265506,0,0,0,
0,0,0,0,0,0,0,0,0,0,0,0,0,0,0,0,0,0,0,0,0,0,0,0.00454208,0.021517,0,0.0100758,0,0,0,0,0,0,0,0,0,0,0,0,0,0,0,0,0,0,0,0,0,0,0,0,0,0,0,0,0,0,0,0,0,0,0,0,0,0,0,0,0,0,0,0,0,0,0,0,0,0,0,0,0,0,0,0,0,0,0,0,0,0,0,0,0,0,0,0,0,0,0,0,0,0,0,0,0,0,0,0,0,0,0,0,0,0,0,0,0,0,0,0,0,0,0,0,0,0,0,0,0,0,0,0,0,0,0,0,0,0,0,0,0,0,0,0,0,0,0,0,0,0,0,
0,0.603078,0.0109182,0,0.14329,0,5.2268e-05,0,0,0,0,0.00260357,0.00260357,0,0,0,0,0,0,0,0,0,0,0,0,0,0,0,0,0.0276542,0.0276542,0.00477062,0.00477062,0.0163798,0.0163798,0,0,0.084932,0.084932,0,0,0,0,0.0638834,0.0638834,0.139691,0.139691,0.311738,0.311738,0,0,0.123762,0.123762,0,0,0,0,0,0,0.100356,0.100356,0.00250441,0,0,0.132873,0.132873,0.031993,0.031993,0,0,0.176701,0.176701,0,0.0366904,0.0366904,0.0045582,0.0045582,0,0,0,0,0.023076,0.023076,0.0443695,0.0443695,0,0,0,0,0,0,0,0,0.0408724,0.0408724,0,0,0,0,0,0,0,0,0,0,0,0,1.44543e-06,0,0.00120426,0.00862086,0,0,0.0435471,0.000811633,0,0,0,0.00386305,0,0.00862086,0,0,0.00120426,0,0.0435471,0.000811633,0,0,0,0.00386305,0,0,0,0,0,0,0,0,0,0,0,0,0,0.0385267,0,0,0.0385267,0,0,
0,0.718411,0,0,0,0,0,0.110133,0.110133,0,0,0,0,0,0,0,0,0,0,0,0,0,0,0,0,0,0,0,0,0,0,0,0,0.0369177,0.0369177,0.228871,0.228871,0.228109,0.228109,0.0154109,0.0154109,0.0162691,0.0162691,0,0,0,0,0,0,0,0,0,0,0.127748,0.127748,0,0,0,0,0,0,0,0,0,0,0,0,0,0,0,0,0,0,0,0,0,0,0,0,0,0,0,0,0,0,0,0,0,0,0,0,0,0,0,0,0,0,0,0,0,0,0,0,0,0,0,0,0,0,0,0,0,0,0,0,0,0,0,0,0,0,0,0,0,0,0,0,0,0,0,0,0,0,0,0,0,0,0,0,0,0,0,0,0,0,0.0791207,0,0,0.0791207,0,
0,0.803839,0,0,0.0281683,0,0,0.204345,0.204345,0.00262491,0.00262491,0,0,0.00054378,0.00054378,0,0,0,0,0,0,0,0,0,0,0,0,0.0635515,0.0635515,0.143117,0.143117,0,0,2.17125e-05,2.17125e-05,0.0435816,0.0435816,0,0,0,0,0,0,0.00736785,0.00736785,0.0284132,0.0284132,0,0,0.0153884,0.0153884,0,0,0.0674708,0.0674708,0,0,0,0,0,0,0,0,0,0.0256747,0.0256747,0,0,0.0525325,0.0525325,0.0070215,0.0070215,0,0,0,0,0,0,0,0,0,0,0,0,0,0,0,0,0,0,0,0,0,0.0344143,0.0344143,0,0,0,0,0,0,0,0,0,0,0,0,0,0,0,0,0,0,0,0,0.000177221,0.00623727,0.00123829,0.00406641,0,0,0,0,0,0,0,0,0.00623727,0.000177221,0.00123829,0.00406641,0,0,0,0,0,0,0,0,0,0,0,0,0.00211,0.00592256,0.16426,0.00211,0.00592256,0.16426,0,
0,0.908884,0,0,0,0,0,0,0,0,0,0,0,0.174125,0.174125,0,0,0,0,0,0,0,0,0,0,0,0,0,0,0,0,0,0,0,0,0,0,0,0,0,0,0,0,0,0,0,0,0,0,0.0772694,0.0772694,0,0,0,0,0,0,0,0,0,0,0,0,0,0,0,0,0,0,0,0,0,0,0,0,0.0315434,0.0315434,0,0,0,0,0,0,0,0,0,0,0,0,0,0,0,0,0,0,0,0,0,0,0,0,0,0,0,0,0,0,0,0,0,0,0,0,0,0,0,0,0,0,0,0,0,0,0,0,0,0,0,0,0,0,0,0,0,0,0,0,0,0,0,0,0,0,0,0,0,0,0,0,0,
0,0.611363,0,0,0.0466663,0,0,0,0,0.10258,0.10258,0,0,0,0,0,0,0,0,0,0,0,0,0,0,0,0,0,0,0,0,0,0,0.0967603,0.0967603,0,0,0.0398283,0.0398283,0.0696059,0.0696059,0.0745799,0.0745799,0.0463382,0.0463382,0.0508323,0.0508323,0,0,0.0921153,0.0921153,0.0119666,0.0119666,0.215105,0.215105,0,0,0,0,0,0,0.164158,0,0,0.0432454,0.0432454,0,0,0.316122,0.316122,0,0,0,0.0370037,0.0370037,0,0,0,0,0,0,0.0614668,0.0614668,0.0634885,0.0634885,0,0,0,0,0,0,0,0,0.0345984,0.0345984,0,0,0,0,0,0,0,0,0,0,0,0,0,0,0,0,0,0,0,0,0,0,0,0,0,0,0,0,0,0,0,0,0,0,0,0,0,0,0,0,0,0,0,0,0,0,0,0,0.0627135,0.0283295,0,0.0627135,0.0283295,0,0,
0,0.00351021,0.00586193,0,0.0448775,0,0,0.00138353,0.00138353,0,0,0,0,0.00976192,0.00976192,0,0,0,0,0,0,0,0,0.00987359,0.0124079,0,0.00940335,0,0,0,0,0,0,0.00248074,0.00248074,0,0,0,0,0.000858906,0.000858906,0.00202027,0.00202027,0,0,0.0159141,0.0159141,0.0115325,0.0115325,0,0,0,0,0.00690766,0.00690766,0,0,0.000478445,0.000478445,0.00515425,0.00515425,0,0.0147772,0.0147772,0.000799783,0.000799783,0,0,0,0,0.000396293,0.000396293,0,0,0,0,0,0,0,0,0,0.00194837,0.00194837,0,0,0,0,0,0,0,0,0,0,0.00217116,0.00217116,0,0,0,0,0,0,0,0,0,0,0,0,0,0,0,0,0,0,0.000183529,0,0,0,0,0,0,0,0,0,0,0,0.000183529,0,0,0,0,0,0,0,0,0,0,0,0,0,0,0,0,0,0,0,4.85649e-06,0,0,4.85649e-06,0,
0,0,0,0,0,0,0,0,0,0,0,0,0,0,0,0,0,0,0,0,0,0,0,0.00454208,0.021517,0,0.0100758,0,0,0,0,0,0,0,0,0,0,0,0,0,0,0,0,0,0,0,0,0,0,0,0,0,0,0,0,0,0,0,0,0,0,0,0,0,0,0,0,0,0,0,0,0,0,0,0,0,0,0,0,0,0,0,0,0,0,0,0,0,0,0,0,0,0,0,0,0,0,0,0,0,0,0,0,0,0,0,0,0,0,0,0,0,0,0,0,0,0,0,0,0,0,0,0,0,0,0,0,0,0,0,0,0,0,0,0,0,0,0,0,0,0,0,0,0,0,0,0,0,0,0,
0,0.592481,0,0,0,0,0,0.0231124,0.0231124,0,0,0,0,0,0,0,0,0,0,0,0,0,0,0,0,0,0,0.116621,0.116621,0,0,0.000909661,0.000909661,0,0,0,0,0.0157733,0.0157733,0.0950284,0.0950284,0.0717152,0.0717152,0,0,0,0,0,0,0,0,0,0,0,0,0,0,0,0,0.00981861,0.00981861,0,0,0,0,0,0,0,0,0,0,0,0,0.0729124,0.0729124,0,0,0,0,0,0,0,0,0,0,0,0,0,0,0,0,0,0,0.0512363,0.0512363,0,0,0,0,0,0,0,0,0,0,0,0,0,0,0,0,0,0,0,0,0,0,0,0,0.000106085,0,0,0,0,0,0,0,0,0,0,0,0.000106085,0,0,0,0,0,0,0,0,0,0,0,0,0,0.0136936,0,0,0.0136936,0,
0,0,0,0,0,0,0,0,0,0,0,0,0,0,0,0,0,0,0,0,0,0,0,0.00454208,0.021517,0,0.0100758,0,0,0,0,0,0,0,0,0,0,0,0,0,0,0,0,0,0,0,0,0,0,0,0,0,0,0,0,0,0,0,0,0,0,0,0,0,0,0,0,0,0,0,0,0,0,0,0,0,0,0,0,0,0,0,0,0,0,0,0,0,0,0,0,0,0,0,0,0,0,0,0,0,0,0,0,0,0,0,0,0,0,0,0,0,0,0,0,0,0,0,0,0,0,0,0,0,0,0,0,0,0,0,0,0,0,0,0,0,0,0,0,0,0,0,0,0,0,0,0,0,0,0,
0,0.618164,0,0,0.00899638,0,0,0.143824,0.143824,0,0,0,0,0,0,0,0,0,0,0,0,0,0,0,0,0,0,0.0254913,0.0254913,0.0163092,0.0163092,0.00682196,0.00682196,0.0629307,0.0629307,0.0426292,0.0426292,0,0,0.122929,0.122929,0.268431,0.268431,0.030332,0.030332,0,0,0,0,0.137906,0.137906,0,0,0,0,0,0,0,0,0.158077,0.158077,0,0,0,0.142136,0.142136,0,0,0.0778908,0.0778908,0,0,0,0,0,0,0,0,0,0,0,0,0,0,0,0,0,0,0,0,0,0,0,0.0421703,0.0421703,0,0,0,0,0,0,0,0,0,0,0,0,0,0,0,0,0,0,0,0,0,0.00069525,0,0,0.000173901,0,0,0,0,0,0,0,0.00069525,0,0,0,0.000173901,0,0,0,0,0,0,0,0,0,0,0,0,0.0187502,0.0889068,0,0.0187502,0.0889068,0,
0,0.660722,0,0,0,0,0,0,0,0,0,0,0,0,0,0,0,0,0,0,0,0,0,0,0,0,0,0,0,0,0,0,0,0,0,0,0,0,0,0,0,0,0,0,0,0,0,0,0,0,0,0,0,0.148807,0.148807,0,0,0,0,0,0,0,0,0,0,0,0.352053,0.352053,0,0,0,0,0,0,0,0,0,0,0,0,0,0,0,0,0,0,0,0,0,0,0,0,0,0,0,0,0,0,0,0,0,0,0,0,0,0,0,0,0,0,0,0,0,0,0,0,0,0,0,0,0,0,0,0,0,0,0,0,0,0,0,0,0,0,0,0,0,0,0,0,0,0,0,0,0,0,0,0,0,0,
0,0.472023,0,0.0110007,0.0256681,0,0,0.0618754,0.0618754,0,0,0.0188753,0.0188753,0.0263615,0.0263615,0,0,0,0,0,0,0,0,0,0,0,0,0.0167761,0.0167761,0.000122851,0.000122851,0.141756,0.141756,0.0147319,0.0147319,0.0222266,0.0222266,0.0128141,0.0128141,0.179916,0.179916,0.0078292,0.0078292,0.00984179,0.00984179,0,0,0.0349092,0.0349092,0.162441,0.162441,0.017777,0.017777,0.0630368,0.0630368,0,0,0,0,0,0,0,0.0489318,0.0489318,0.303233,0.303233,0,0,0.0419446,0.0419446,0.126969,0.126969,0,0.059691,0.059691,0.0851555,0.0851555,0,0,0,0,0.0334464,0.0334464,0.000510878,0.000510878,0,0,0,0,0,0,0,0,0.0128337,0.0128337,0,0,0,0,0,0,0,0,0,0,0,0,0,9.53219e-08,0,4.28865e-06,0,0.000775913,0,0.000658921,0,2.73056e-06,0,0,0.0023781,4.28865e-06,9.53219e-08,0,0,0.000775913,0,0.000658921,2.73056e-06,0,0,0,0.0023781,0,0,0,0,0,0,0,0,0,0,0,0,0.00464555,0.0292066,0,0.00464555,0.0292066,0,
0,0,0,0,0,0,0,0,0,0,0,0,0,0,0,0,0,0,0,0,0,0,0,0.00454208,0.021517,0,0.0100758,0,0,0,0,0,0,0,0,0,0,0,0,0,0,0,0,0,0,0,0,0,0,0,0,0,0,0,0,0,0,0,0,0,0,0,0,0,0,0,0,0,0,0,0,0,0,0,0,0,0,0,0,0,0,0,0,0,0,0,0,0,0,0,0,0,0,0,0,0,0,0,0,0,0,0,0,0,0,0,0,0,0,0,0,0,0,0,0,0,0,0,0,0,0,0,0,0,0,0,0,0,0,0,0,0,0,0,0,0,0,0,0,0,0,0,0,0,0,0,0,0,0,0,
0,0.735169,0.093197,0,0,0,0,0.0540975,0.0540975,0,0,0,0,0,0,0,0,0,0,0,0,0,0,0,0,0,0,0,0,0.0033536,0.0033536,0.137466,0.137466,0.163991,0.163991,0,0,0.00826844,0.00826844,0,0,0.138307,0.138307,0,0,0.0838704,0.0838704,0.0286706,0.0286706,0,0,0,0,0.198509,0.198509,0,0,0,0,0,0,0,0,0,0,0,0.0501087,0.0501087,0.158229,0.158229,0.039081,0.039081,0,0,0,0,0,0,0,0,0,0,0,0.00256854,0.00256854,0,0,0,0,0,0,0,0,0,0,0,0,0,0,0,0,0,0,0,0,0,0,0,0,8.06413e-06,9.61499e-05,0,0,0.00240462,0,0,0,0,0.000281268,0,9.61499e-05,0,0,8.06413e-06,0,0.00240462,0,0,0,0,0.000281268,0,0,0,0,0,0,0,0,0,0,0,0,0,0,0.0397708,0,0,0.0397708,0,
0,0.495372,0,0,0.0138174,0,0,0.00260366,0.00260366,0.035955,0.035955,0,0,0,0,0,0,0,0,0,0,0,0,0,0,0,0,0,0,0,0,0,0,0.181747,0.181747,0.0186912,0.0186912,0,0,0.0283408,0.0283408,0.0324005,0.0324005,0.268557,0.268557,0,0,0,0,0,0,0.00601023,0.00601023,0,0,0,0,0,0,0,0,0.144716,0,0,0.027955,0.027955,0,0,0,0,0.0221159,0.0221159,0,0.0140851,0.0140851,0.233706,0.233706,0,0,0,0,0,0,0,0,0,0,0,0,0,0,0,0,0,0,0,0,0,0,0,0,0,0,0,0,0,0,0,0,0,0,0,0,0,0,0,0,0,0,0,0,0,0,0,0,0,0,0,0,0,0,0,0,0,0,0,0,0,0,0,0,0,0,0.0178111,0.133036,0.00128978,0.0178111,0.133036,0.00128978,0,
0,0.550163,0.0111377,0,0,0,0,0,0,0.0432119,0.0432119,0.0117266,0.0117266,0,0,0,0,0,0,0,0,0,0,0,0,0,0,0,0,0.238537,0.238537,0,0,0.00352061,0.00352061,0,0,0.000962875,0.000962875,0.215151,0.215151,0.322518,0.322518,0.0507391,0.0507391,0,0,0.00569052,0.00569052,0,0,0.0161302,0.0161302,0.125779,0.125779,0,0,0,0,0,0,0,0.01248,0.01248,0.0335869,0.0335869,0.0176264,0.0176264,0.0257926,0.0257926,0,0,0.00222184,0.121543,0.121543,0.00264747,0.00264747,0,0,0,0,0,0,0.217421,0.217421,0,0,0,0,0,0,0,0,0.0419507,0.0419507,0,0,0,0,0,0,0,0,0,0,0,0,0,0,0,0.0013574,0,0,0,6.67307e-05,0,0,0,0,0,0.0013574,0,0,0,0,0,6.67307e-05,0,0,0,0,0,0,0,0,0,0,0,0,0,0,0,0,0.0237736,0.0279148,0,0.0237736,0.0279148,0,0,
0,0.239352,0.0166895,0,0.0199286,0,0.0829734,0,0,0,0,0.258271,0.258271,0.195696,0.195696,0,0,0,0,0,0,0,0,0,0,0,0,0,0,0.000417302,0.000417302,0.0294031,0.0294031,0,0,0.134404,0.134404,0.00233241,0.00233241,0.0750166,0.0750166,0.0953857,0.0953857,0.0788538,0.0788538,0,0,0.00561594,0.00561594,0.0681607,0.0681607,0.00606246,0.00606246,7.26712e-05,7.26712e-05,0,0,0,0,0.0504414,0.0504414,0,0,0,0.0130976,0.0130976,0.000143644,0.000143644,0,0,0.0107645,0.0107645,0,0.01664,0.01664,0.0301562,0.0301562,0,0,0,0,0,0,0,0,0,0,0,0,0,0,0,0,0.156487,0.156487,0,0,0,0,0,0,0,0,0,0,0,0,3.4625e-05,3.14982e-07,0,2.34354e-06,0,0.000754807,0,0.00145043,0,5.60872e-05,0,0,0,2.34354e-06,3.14982e-07,0,0,0.000754807,0,0.00145043,5.60872e-05,0,0,0,0,0,0,0,0,0,0,0,0,0,0,0,0,0.0188738,0,0,0.0188738,0,0,
0,0.590418,0,0.0660762,0,0,0,0.202629,0.202629,2.795e-06,2.795e-06,0,0,0,0,0,0,0,0,0,0,0,0,0,0,0,0,0.133983,0.133983,0.00743386,0.00743386,0,0,0.0209176,0.0209176,0.0893869,0.0893869,0.228899,0.228899,0.088845,0.088845,0.0727394,0.0727394,0.0111413,0.0111413,0,0,0.074409,0.074409,0,0,0.0508674,0.0508674,0,0,0,0,0,0,0.00105324,0.00105324,0.0133285,0.000870536,0.000870536,0.300092,0.300092,0,0,0,0,0,0,0,0.167716,0.167716,0,0,0,0,0,0,0.00203528,0.00203528,0,0,0,0,0,0,0,0,0,0,0.00140802,0.00140802,0,0,0,0,0,0,0,0,0,0,0,0,0,4.94441e-05,0,0.000553147,0,0.00665119,0,0,0,0.00066449,0,0,0,0.000553147,4.94441e-05,0,0,0.00665119,0,0,0.00066449,0,0,0,0,0,0,0,0,0,0,0,0,0,0,0,1.65022e-06,0.00657801,0.119636,1.65022e-06,0.00657801,0.119636,0,
0,0.925941,0,0,0.0953055,0,0,0.126102,0.126102,0,0,0.047658,0.047658,0.0969611,0.0969611,0,0,0,0,0,0,0,0,0,0,0,0,0.13011,0.13011,0.00503645,0.00503645,0,0,0,0,0,0,0,0,0,0,0,0,0.0755687,0.0755687,0,0,0,0,0,0,0,0,0.0278594,0.0278594,0,0,0,0,0,0,0.180684,0.0386664,0.0386664,0.0416371,0.0416371,0,0,0,0,0,0,0,0,0,0,0,0,0,0,0,0,0,0,0,0,0,0,0,0,0,0,0,0,0,0,0,0,0,0,0,0,0,0,0,0,0,0,0,0,0,0,0,0,0,0,0,0,0,0,0,0,0,0,0,0,0,0,0,0,0,0,0,0,0,0,0,0,0,0,0,0,0,0,0.0699721,0.116763,0,0.0699721,0.116763,0,
0,0.435995,0,0,0,0,0,0.0143723,0.0143723,0,0,0,0,0.304808,0.304808,0,0,0,0,0,0,0,0,0,0,0,0,0,0,0,0,0,0,0.231784,0.231784,0.0787119,0.0787119,0,0,0,0,0,0,0,0,0.00169405,0.00169405,0,0,0,0,0,0,0,0,0,0,0,0,0.0216133,0.0216133,0,0.113497,0.113497,0,0,0.390733,0.390733,0.0173778,0.0173778,0,0,0,0,0,0,0,0,0,0,0,0,0,0,0,0,0,0,0,0,0,0,0,0.180662,0.180662,0,0,0,0,0,0,0,0,0,0,0,0,0,0,0,0,0,0,0,0,0,0,0.000133342,0,0,0,0,0,0,0,0,0,0,0,0.000133342,0,0,0,0,0,0,0,0,0,0,0,0,0,0,0,0.00626625,0,0,0.00626625,0,
0,0.610325,0,0,0,0,0,0,0,0,0,0,0,0.0373055,0.0373055,0,0,0,0,0,0,0,0,0,0,0,0,0.00257677,0.00257677,0,0,0.0142439,0.0142439,0,0,0.00117055,0.00117055,0.000448312,0.000448312,0.0300285,0.0300285,0.000976654,0.000976654,0.020982,0.020982,0.0748971,0.0748971,0.00658826,0.00658826,0.0022456,0.0022456,0,0,0.109305,0.109305,0,0,0,0,0,0,0,0.0765435,0.0765435,0.111797,0.111797,0.0199003,0.0199003,0.00249745,0.00249745,0.000951751,0.000951751,0,9.77508e-05,9.77508e-05,0,0,0,0,0,0,0,0,0,0,0,0,0,0,0,0,0,0,0.000496836,0.000496836,0,0,0,0,0,0,0,0,0,0,0,0,0,0,0,0,5.77597e-07,7.71187e-06,0.000493442,0,0,0,8.76706e-05,0,3.67033e-05,0,0,0,0,7.71187e-06,0.000493442,0,0,0,8.76706e-05,0,3.67033e-05,0,0,0,0,0,0,0,0,0,0,0,0,0.0128059,0,0,0.0128059,0,0,
0,0,0,0,0,0,0,0,0,0,0,0,0,0,0,0,0,0,0,0,0,0,0,0.00454208,0.021517,0,0.0100758,0,0,0,0,0,0,0,0,0,0,0,0,0,0,0,0,0,0,0,0,0,0,0,0,0,0,0,0,0,0,0,0,0,0,0,0,0,0,0,0,0,0,0,0,0,0,0,0,0,0,0,0,0,0,0,0,0,0,0,0,0,0,0,0,0,0,0,0,0,0,0,0,0,0,0,0,0,0,0,0,0,0,0,0,0,0,0,0,0,0,0,0,0,0,0,0,0,0,0,0,0,0,0,0,0,0,0,0,0,0,0,0,0,0,0,0,0,0,0,0,0,0,0,
0,0.573822,0.0169037,0,0,0.151875,0.0665919,0,0,0.104691,0.104691,0.0324808,0.0324808,0.012832,0.012832,0,0,0,0,0,0,0,0,0,0,0,0,0,0,0.00032157,0.00032157,0,0,0.0618283,0.0618283,0,0,0.0821946,0.0821946,0.00240032,0.00240032,0,0,0.00248909,0.00248909,0,0,0,0,0.0689906,0.0689906,0.120215,0.120215,0,0,0,0,0,0,0.00827955,0.00827955,0,0.00165781,0.00165781,0.190774,0.190774,0.0304056,0.0304056,0.0295309,0.0295309,0.012877,0.012877,0,0.228129,0.228129,0.197305,0.197305,0,0,0,0,0,0,0.140887,0.140887,0,0,0,0,0,0,0,0,0.0194139,0.0194139,0,0,0,0,0,0,0,0,0,0,0,0,2.1414e-05,0,0,0,0,0,0,0,0,0,0,0,0,0,0,0,0,0,0,0,0,0,0,0,0,0,0.00697158,0.00697158,0,0,0,0,0,0,0,0,0.0600741,0.00142829,0,0.0600741,0.00142829,0,0,
0,0.0284776,0,0,0.0102285,0,0,0.00542744,0.00542744,0.00255984,0.00255984,0.00129542,0.00129542,0,0,0,0,0,0,0,0,0,0,0,0,0,0,0.0131455,0.0131455,0.0243951,0.0243951,0,0,0.0116409,0.0116409,0.0894807,0.0894807,0.0473878,0.0473878,0,0,0.00930297,0.00930297,0,0,0,0,0,0,0.00602524,0.00602524,0,0,0,0,0,0,0,0,0,0,0,0,0,0.0177293,0.0177293,0.014984,0.014984,0.0514558,0.0514558,0.0895674,0.0895674,0.0827133,0,0,0.0350365,0.0350365,0,0,0,0,0,0,0.0212943,0.0212943,0,0,0,0,0,0,0,0,0,0,0,0,0,0,0,0,0,0,0,0,0,0,0,0,0,0,0,0,0,0,0,0.00218289,0,0,0,0,0,0,0,0,0,0,0.00218289,0,0,0,0,0,0,0,0,0,0,0,0,0,0,0,7.28983e-05,0,0.00015456,7.28983e-05,0,0.00015456,0,
0,0.670192,0,0,0.0106514,0,0,0.0147479,0.0147479,0,0,0,0,0.0705551,0.0705551,0,0,0,0,0,0,0,0,0,0,0,0,0,0,0.00709771,0.00709771,0.0229377,0.0229377,0.0538904,0.0538904,0.158315,0.158315,0,0,0,0,0,0,0.321777,0.321777,0,0,0.0868066,0.0868066,0.0064491,0.0064491,0.0349333,0.0349333,0.0174014,0.0174014,0,0,0,0,0.0295207,0.0295207,0.00297714,0,0,0.146722,0.146722,0.11944,0.11944,0.0282277,0.0282277,0,0,0.00778597,0.0270149,0.0270149,0.0667808,0.0667808,0,0,0,0,0.00518907,0.00518907,0.146676,0.146676,0,0,0,0,0,0,0,0,0.152089,0.152089,0,0,0,0,0,0,0,0,0,0,0,0,0,9.75422e-05,0,0.000616128,0,0.0137428,0,0,0,0.00112367,0,0,0,0.000616128,9.75422e-05,0,0,0.0137428,0,0,0.00112367,0,0,0,0,0,0,0,0,0,0,0,0,0,0,0,0,0.215652,0.00988393,0,0.215652,0.00988393,0,
0,0.475624,0,0,0.116603,0,0,0,0,0,0,0,0,0,0,0,0,0,0,0,0,0,0,0,0,0,0,0,0,0,0,0,0,0,0,0,0,0,0,0,0,0,0,0,0,0,0,0,0,0,0,0,0,0,0,0,0,0,0,0,0,0,0,0,0,0,0.195329,0.195329,0,0,0,0,0,0,0,0,0,0,0,0,0,0,0,0,0,0,0,0,0,0,0,0,0,0,0,0,0,0,0,0,0,0,0,0,0,0,0,0,0,0,0,0,0,0,0,0,0,0,0,0,0,0,0,0,0,0,0,0,0,0,0,0,0,0,0,0,0,0,0,0,0,0,0,0,0,0,0,0,0,0,
0,0.448071,0,0,0,0.00716577,0,0.0172622,0.0172622,0.248186,0.248186,0.0215448,0.0215448,0.0833472,0.0833472,0,0,0,0,0,0,0,0,0,0,0,0,0.00782266,0.00782266,0,0,0,0,0,0,0.0544667,0.0544667,0.188501,0.188501,0,0,0,0,0,0,0.0358459,0.0358459,0,0,0.00463174,0.00463174,0.00286299,0.00286299,0.168436,0.168436,0,0,0,0,0.00208303,0.00208303,0.039158,0.00357616,0.00357616,0.0124557,0.0124557,0,0,0,0,0.0682655,0.0682655,0,0.0258535,0.0258535,0.0182139,0.0182139,0,0,0,0,0.00619269,0.00619269,0,0,0,0,0,0,0,0,0,0,0.0329784,0.0329784,0,0,0,0,0,0,0,0,0,0,0,0,0,0,0,0,0,0,0,0,0,0,0.00195241,0,0,0,0,0,0,0,0,0,0,0,0.00195241,0,0,0,0,0,0,0,0,0,0,0,0,0,0.111205,0,0.00773471,0.111205,0,0.00773471,0,
0,0.359952,0,0,0,0.134814,0.0266299,0,0,0,0,0.348187,0.348187,0,0,0,0,0,0,0,0,0,0,0,0,0,0,0,0,0,0,0,0,0,0,0.0500951,0.0500951,0.0875559,0.0875559,0,0,0.0111793,0.0111793,0,0,0,0,0.0171536,0.0171536,0.128601,0.128601,0,0,0,0,0,0,0,0,0,0,0,0,0,0.152836,0.152836,0.247243,0.247243,0.0617526,0.0617526,0,0,0,0.0921201,0.0921201,0.123461,0.123461,0,0,0,0,0,0,0,0,0,0,0,0,0,0,0,0,0,0,0,0,0,0,0,0,0,0,0,0,0,0,0,0,0,0,0,0.000859314,0,0.00597267,0,0,0,0,0,0,0,0,0,0.000859314,0,0.00597267,0,0,0,0,0,0,0,0,0,0,0,0,0,0,0,0,0,0,0,0,0,0,0,
0,0.788231,0,0,0,0,0.0385787,0,0,0,0,0.00569724,0.00569724,0.293333,0.293333,0,0,0,0,0,0,0,0,0,0,0,0,0,0,0,0,0,0,0,0,0,0,0,0,0.0268027,0.0268027,0.0948119,0.0948119,0,0,0.078046,0.078046,0,0,0.00535823,0.00535823,0,0,0,0,0,0,0,0,0.0381757,0.0381757,0,0,0,0,0,0.374243,0.374243,0,0,0,0,0,0,0,0.188651,0.188651,0,0,0,0,0,0,0,0,0,0,0,0,0,0,0,0,0.0759814,0.0759814,0,0,0,0,0,0,0,0,0,0,0,0,0,0,0,0,0,0,0,0,0,0,0,0,0,0,0,0,0,0,0,0,0,0,0,0,0,0,0,0,0,0,0,0,0,0,0,0,0,0,0,0,0,0,0,
0,0.610896,0,0,0,0,0.00831813,0.00193472,0.00193472,0.00559281,0.00559281,0,0,0,0,0,0,0,0,0,0,0,0,0,0,0,0,0.0625409,0.0625409,0.0238599,0.0238599,0.0224089,0.0224089,0.0115894,0.0115894,0,0,0,0,0.0032268,0.0032268,0,0,0,0,0.0394993,0.0394993,0,0,0,0,0.249614,0.249614,0,0,0,0,0,0,0,0,0,0,0,0.000473124,0.000473124,0,0,0.0458376,0.0458376,0.257435,0.257435,0,0,0,0,0,0,0,0,0,0,0,0,0,0,0,0,0,0,0,0,0,0,0,0,0,0,0,0,0,0,0,0,0,0,0,0.00019847,0,0,0,0,0,0,0,0,0,0,0.000942452,0.00140147,0,0,0,0,0,0,0,0,0,0,0.000942452,0.00140147,0,4.65217e-05,4.65217e-05,0,0,0,0,0,0,0,0,0.00341662,0,0.00118191,0.00341662,0,0.00118191,0,
0,0.79224,0,0,0,0,0.0428065,0,0,0,0,0,0,0,0,0,0,0,0,0,0,0,0,0,0,0,0,0,0,0,0,0,0,0,0,0,0,0,0,0,0,0,0,0,0,0,0,0,0,0,0,0,0,0,0,0,0,0,0,0,0,0,0,0,0,0,0,0,0,0,0,0,0,0.130767,0.130767,0,0,0,0,0,0,0,0,0,0,0,0,0,0,0,0,0,0,0,0,0,0,0,0,0,0,0,0,0,0,0,0,0,0,0,0,0,0,0,0,0,0,0,0,0,0,0,0,0,0,0,0,0,0,0,0,0,0,0,0,0,0,0,0,0,0,0,0,0,0,0,0,0,0,0,
0,0.324141,0,0.000564709,0,0,0,0.0181194,0.0181194,0,0,0.0632281,0.0632281,0,0,0,0,0,0,0,0,0,0,0,0,0,0,0,0,0,0,0.0672084,0.0672084,0.064477,0.064477,0.0647864,0.0647864,0,0,0.0296111,0.0296111,0.0149226,0.0149226,0,0,0.121494,0.121494,0.0465144,0.0465144,0.146045,0.146045,0.00123984,0.00123984,0.0755569,0.0755569,0,0,0,0,0,0,0,0,0,0.0832565,0.0832565,0.140854,0.140854,0,0,0.00753638,0.00753638,0,0.166333,0.166333,0,0,0,0,0,0,0.00966288,0.00966288,0,0,0,0,0,0,0,0,0,0,0.0604528,0.0604528,0,0,0,0,0,0,0,0,0,0,0,0,0,0,0,0,0.000366124,0.0030135,0.00565124,0.00294102,0,0,0.00787119,0,0,0,0,0,0,0.0030135,0.00565124,0.00294102,0,0,0.00787119,0,0,0,0,0,0,0,0,0,0,0,0,0,0,0,0.00587325,0,0,0.00587325,0,
0,0.495526,0.0386391,0,0,0.0743863,0,0,0,0,0,0,0,0,0,0,0,0,0,0,0,0,0,0,0,0,0,0,0,0.0244558,0.0244558,0,0,0.0613032,0.0613032,0.0286227,0.0286227,0,0,0,0,0.00498958,0.00498958,0.00413014,0.00413014,0.0128985,0.0128985,0,0,0,0,0,0,0.105272,0.105272,0,0,0,0,0.0444646,0.0444646,0.123198,0.00990499,0.00990499,0,0,0,0,0,0,0.230868,0.230868,0,0,0,0,0,0,0,0,0,0,0,0,0,0,0,0,0,0,0,0,0,0,0,0,0,0,0,0,0,0,0,0,0,0,0,0,0,0,0,0,0,0,0,9.02882e-06,0.000699991,0.000369189,0.000315443,0,0,0,0,0,0,0,0,0.000699991,9.02882e-06,0.000369189,0.000315443,0,0,0,0,0,0,0,0,0,0,0,0,0,0.00204659,0,0,0.00204659,0,0,
0,0,0,0,0,0,0,0,0,0,0,0,0,0,0,0,0,0,0,0,0,0,0,0.00454208,0.021517,0,0.0100758,0,0,0,0,0,0,0,0,0,0,0,0,0,0,0,0,0,0,0,0,0,0,0,0,0,0,0,0,0,0,0,0,0,0,0,0,0,0,0,0,0,0,0,0,0,0,0,0,0,0,0,0,0,0,0,0,0,0,0,0,0,0,0,0,0,0,0,0,0,0,0,0,0,0,0,0,0,0,0,0,0,0,0,0,0,0,0,0,0,0,0,0,0,0,0,0,0,0,0,0,0,0,0,0,0,0,0,0,0,0,0,0,0,0,0,0,0,0,0,0,0,0,0,
0,0,0,0,0,0,0,0,0,0,0,0,0,0,0,0,0,0,0,0,0,0,0,0.00454208,0.021517,0,0.0100758,0,0,0,0,0,0,0,0,0,0,0,0,0,0,0,0,0,0,0,0,0,0,0,0,0,0,0,0,0,0,0,0,0,0,0,0,0,0,0,0,0,0,0,0,0,0,0,0,0,0,0,0,0,0,0,0,0,0,0,0,0,0,0,0,0,0,0,0,0,0,0,0,0,0,0,0,0,0,0,0,0,0,0,0,0,0,0,0,0,0,0,0,0,0,0,0,0,0,0,0,0,0,0,0,0,0,0,0,0,0,0,0,0,0,0,0,0,0,0,0,0,0,0,
0,0.646334,0,0,0.161899,0,0.137442,0,0,0,0,0,0,0.242706,0.242706,0,0,0,0,0,0,0,0,0,0,0,0,0,0,0,0,0.0829992,0.0829992,0,0,0,0,0,0,0,0,0,0,0.105965,0.105965,0,0,0,0,0,0,0,0,0,0,0,0,0,0,0.0708592,0.0708592,0,0,0,0.0150405,0.0150405,0,0,0.000146505,0.000146505,0,0,0,0,0,0.0438524,0.0438524,0,0,0,0,0,0,0,0,0,0,0,0,0,0,0,0,0.031604,0.031604,0,0,0,0,0,0,0,0,0,0,0,0,0,0,0,0,0,0,0,0,0,0,0,0,0,0,0,0,0,0,0,0,0,0,0,0,0,0,0,0,0,0,0,0,0,0,0,0,0,0.068489,0,0,0.068489,0,0,
0,0.248305,0,0.019847,0.0793681,0.00845527,0,0.0353497,0.0353497,0.0640143,0.0640143,0,0,0.00475062,0.00475062,0,0,0,0,0,0,0,0,0,0,0,0,0.0801653,0.0801653,0,0,0.0527599,0.0527599,0.0824846,0.0824846,0.00236499,0.00236499,0.0747012,0.0747012,0.00402208,0.00402208,0.152557,0.152557,0.047494,0.047494,0,0,0.110499,0.110499,0,0,0.00308847,0.00308847,0.0013514,0.0013514,0,0,0,0,0.00483112,0.00483112,0,0.207361,0.207361,0.0063672,0.0063672,0.085402,0.085402,0.0149638,0.0149638,0.0103964,0.0103964,0,0.00887569,0.00887569,0,0,0,0,0,0,0.00589536,0.00589536,0,0,0,0,0,0,0,0,0,0,0.063983,0.063983,0,0,0,0,0,0,0,0,0,0,0,0,0,0,0,0,0,0.00026133,0,0,0,0,0,0,0.00422952,0,0,0,0,0.00026133,0,0,0,0,0,0,0.00422952,0,0,0,0,0,0,0,0,0,0,0,0.0158951,0.011793,0.00877753,0.0158951,0.011793,0.00877753,0,
0,0,0,0,0,0,0,0,0,0,0,0,0,0,0,0,0,0,0,0,0,0,0,0.00454208,0.021517,0,0.0100758,0,0,0,0,0,0,0,0,0,0,0,0,0,0,0,0,0,0,0,0,0,0,0,0,0,0,0,0,0,0,0,0,0,0,0,0,0,0,0,0,0,0,0,0,0,0,0,0,0,0,0,0,0,0,0,0,0,0,0,0,0,0,0,0,0,0,0,0,0,0,0,0,0,0,0,0,0,0,0,0,0,0,0,0,0,0,0,0,0,0,0,0,0,0,0,0,0,0,0,0,0,0,0,0,0,0,0,0,0,0,0,0,0,0,0,0,0,0,0,0,0,0,0,
0,0,0,0,0,0,0,0,0,0,0,0,0,0,0,0,0,0,0,0,0,0,0,0.00454208,0.021517,0,0.0100758,0,0,0,0,0,0,0,0,0,0,0,0,0,0,0,0,0,0,0,0,0,0,0,0,0,0,0,0,0,0,0,0,0,0,0,0,0,0,0,0,0,0,0,0,0,0,0,0,0,0,0,0,0,0,0,0,0,0,0,0,0,0,0,0,0,0,0,0,0,0,0,0,0,0,0,0,0,0,0,0,0,0,0,0,0,0,0,0,0,0,0,0,0,0,0,0,0,0,0,0,0,0,0,0,0,0,0,0,0,0,0,0,0,0,0,0,0,0,0,0,0,0,0,
0,0.305402,0,0,0,0,0,0,0,0,0,0,0,0,0,0,0,0,0,0,0,0,0,0,0,0,0,0.111795,0.111795,0.00254317,0.00254317,0,0,0,0,0.0743324,0.0743324,0,0,0,0,0,0,0.158755,0.158755,0,0,0,0,0,0,0,0,0,0,0,0,0,0,0,0,0,0.400082,0.400082,0,0,0,0,0,0,0,0,0,0,0,0,0,0,0,0,0,0,0,0,0,0,0,0,0,0,0,0,0,0,0,0,0,0,0,0,0,0,0,0,0,0,0,0,0,0,0,0,0,0,0,0,0.00018904,0,0,0,0,0,0,0,0,0,0,0.00018904,0,0,0,0,0,0,0,0,0,0,0,0,0,0,0,0,0.0484841,0,0,0.0484841,0,0,
0,0.725788,0,0.0184944,0.00117523,0,0,0.0971238,0.0971238,0,0,0,0,0.0737703,0.0737703,0,0,0,0,0,0,0,0,0,0,0,0,0,0,0,0,0,0,0,0,0.211518,0.211518,0,0,0.0132513,0.0132513,0,0,0,0,0,0,0.137028,0.137028,0,0,0,0,0,0,0,0,0,0,0,0,0,0,0,0,0,0.223184,0.223184,0.138113,0.138113,0,0,0,0.278864,0.278864,0.0374017,0.0374017,0,0,0,0,0.0394848,0.0394848,0.0482616,0.0482616,0,0,0,0,0,0,0,0,0.0415871,0.0415871,0,0,0,0,0,0,0,0,0,0,0,0,0,0,0,0,0,0.0289838,0,0,0,0,0,0,0,0,0,0,0,0.0289838,0,0,0,0,0,0,0,0,0,0,0,0,0,0,0,0,0,0,0,0,0.0704913,0,0,0.0704913,0,
0,0.37191,0,0.0567979,0,0.00405527,0.0848176,0,0,0,0,0,0,0.00231333,0.00231333,0,0,0,0,0,0,0,0,0,0,0,0,0,0,0,0,0.0165152,0.0165152,0,0,0,0,0,0,0.0117729,0.0117729,0,0,0.00393829,0.00393829,0.00599221,0.00599221,0,0,0.0365221,0.0365221,0.118431,0.118431,0,0,0,0,0,0,0.0764775,0.0764775,0,0.152317,0.152317,0,0,0,0,0.406285,0.406285,0,0,0,0.184619,0.184619,0,0,0,0,0,0,0.0781172,0.0781172,0,0,0,0,0,0,0,0,0,0,0.0376361,0.0376361,0,0,0,0,0,0,0,0,0,0,0,0,0,0,0,0,0,0,0,0,0,0,0,0,0,0,0,0,0,0,0,0,0,0,0,0,0,0,0,0,0,0,0,0,0,0,0,0,0,0.00146469,0,0,0.00146469,0,0,
0,0.560543,0,0,0,0,0,0.17161,0.17161,0,0,0.042443,0.042443,0,0,0,0,0,0,0,0,0,0,0,0,0,0,0.0951726,0.0951726,0,0,0,0,0.311706,0.311706,0.187276,0.187276,0,0,0,0,0.0540392,0.0540392,0,0,0,0,0,0,0,0,0.00286053,0.00286053,0,0,0,0,0,0,0,0,0,0.00600763,0.00600763,0.0195656,0.0195656,0.0266697,0.0266697,0,0,0,0,0,0.0153054,0.0153054,0,0,0,0,0,0,0,0,0.0123099,0.0123099,0,0,0,0,0,0,0,0,0,0,0,0,0,0,0,0,0,0,0,0,0,0,0,0,0,0,0,0,0,0,0,0,0,0,0,0,0,0,0,0,0,0,0,0,0,0,0,0,0,0,0,0,0,0,0,0,0,0,0,0,0.0961949,0,0,0.0961949,0,
0,0.604526,0.0387669,0,0,0,0,0.0769663,0.0769663,0,0,0,0,0,0,0,0,0,0,0,0,0,0,0,0,0,0,0.214816,0.214816,0.0131235,0.0131235,0.183302,0.183302,0.157067,0.157067,0.0541434,0.0541434,0.237728,0.237728,0,0,0,0,0,0,0,0,0,0,0.0744313,0.0744313,0.0153001,0.0153001,0.0140216,0.0140216,0,0,0,0,0,0,0,0,0,0.0267104,0.0267104,0,0,0.000607848,0.000607848,0,0,0,0,0,0,0,0,0,0,0,0.00797679,0.00797679,0,0,0,0,0,0,0,0,0,0,0.0187806,0.0187806,0,0,0,0,0,0,0,0,0,0,0,0,0,0,0,0,0,0,0,0,0,0.000710553,0,0,0.0393762,0,0,0,0,0,0,0,0.000710553,0,0,0,0.0393762,0,0,0,0,0,0,0,0,0,0,0,0,0,0.0465282,0,0,0.0465282,0,
0,0.414183,0,0,0,0,0.0534943,0.119996,0.119996,0.0483988,0.0483988,0,0,0,0,0,0,0,0,0,0,0,0,0,0,0,0,0,0,0,0,0,0,0,0,0.292042,0.292042,0,0,0,0,0,0,0,0,0,0,0,0,0,0,0.0918769,0.0918769,0,0,0,0,0,0,0,0,0,0.11002,0.11002,0,0,0.0364301,0.0364301,0.0265765,0.0265765,0,0,0,0.345553,0.345553,0,0,0,0,0,0,0,0,0,0,0,0,0,0,0,0,0,0,0.105648,0.105648,0,0,0,0,0,0,0,0,0,0,0,0,0,0,0,0,0,0,0,0,0,0,0,0,0,0,0,0,0,0,0,0,0,0,0,0,0,0,0.00258906,0.00258906,0,0,0,0,0,0,0,0,0.020046,0,0.0497003,0.020046,0,0.0497003,0,
0,0,0,0,0,0,0,0,0,0,0,0,0,0,0,0,0,0,0,0,0,0,0,0.00454208,0.021517,0,0.0100758,0,0,0,0,0,0,0,0,0,0,0,0,0,0,0,0,0,0,0,0,0,0,0,0,0,0,0,0,0,0,0,0,0,0,0,0,0,0,0,0,0,0,0,0,0,0,0,0,0,0,0,0,0,0,0,0,0,0,0,0,0,0,0,0,0,0,0,0,0,0,0,0,0,0,0,0,0,0,0,0,0,0,0,0,0,0,0,0,0,0,0,0,0,0,0,0,0,0,0,0,0,0,0,0,0,0,0,0,0,0,0,0,0,0,0,0,0,0,0,0,0,0,0,
0,0.78912,0,0,0,0,0,0,0,0,0,0,0,0,0,0,0,0,0,0,0,0,0,0,0,0,0,0,0,0,0,0,0,0,0,0,0,0,0,0,0,0,0,0,0,0,0,0,0,0,0,0,0,0,0,0,0,0,0,0,0,0,0,0,0.408462,0.408462,0,0,0,0,0,0,0,0,0,0,0,0,0,0,0,0,0,0,0,0,0,0,0,0,0,0,0,0.231541,0.231541,0,0,0,0,0,0,0,0,0,0,0,0,0,0,0,0,0,0,0,0,0,0,0,0,0,0,0,0,0,0,0,0,0,0,0,0,0,0,0,0,0,0,0,0,0,0,0,0,0,0,0,0,0,0,0,
0,0,0,0,0,0,0,0,0,0,0,0,0,0,0,0,0,0,0,0,0,0,0,0.00454208,0.021517,0,0.0100758,0,0,0,0,0,0,0,0,0,0,0,0,0,0,0,0,0,0,0,0,0,0,0,0,0,0,0,0,0,0,0,0,0,0,0,0,0,0,0,0,0,0,0,0,0,0,0,0,0,0,0,0,0,0,0,0,0,0,0,0,0,0,0,0,0,0,0,0,0,0,0,0,0,0,0,0,0,0,0,0,0,0,0,0,0,0,0,0,0,0,0,0,0,0,0,0,0,0,0,0,0,0,0,0,0,0,0,0,0,0,0,0,0,0,0,0,0,0,0,0,0,0,0,
0,0.516038,0,0,0,0,0,0,0,0,0,0,0,0,0,0,0,0,0,0,0,0,0,0,0,0,0,0.111427,0.111427,0,0,0,0,0,0,0,0,0,0,0.0458876,0.0458876,0.00489597,0.00489597,0,0,0,0,0,0,0,0,0.0355858,0.0355858,0,0,0,0,0,0,0.131183,0.131183,0,0.0922714,0.0922714,0,0,0,0,0.139983,0.139983,0,0,0,0,0,0,0,0,0,0,0,0.320485,0.320485,0.145032,0.145032,0,0,0,0,0,0,0,0,0.158777,0.158777,0,0,0,0,0,0,0,0,0,0,0,0,0,0,0,0,0,0,0,0,0,0,0,0,0,0,0,0,0,0,0,0,0,0,0,0,0,0,0,0,0,0,0,0,0,0,0,0,0,0,0,0,0,0,0,
0,0.98933,0,0,0,0,0,0.000531091,0.000531091,0.119653,0.119653,0,0,0,0,0,0,0,0,0,0,0,0,0,0,0,0,0,0,0.0239407,0.0239407,0.0061142,0.0061142,0,0,0.100894,0.100894,0,0,0.0104035,0.0104035,0.152791,0.152791,0.00799872,0.00799872,0,0,0.0654226,0.0654226,0.00773394,0.00773394,0.01084,0.01084,0.0254821,0.0254821,0,0,0,0,0,0,0,0.000577277,0.000577277,0,0,0,0,0.0177077,0.0177077,0,0,0,0.01678,0.01678,0.146223,0.146223,0,0,0,0,0.00407808,0.00407808,0,0,0,0,0,0,0,0,0,0,0.385511,0.385511,0,0,0,0,0,0,0,0,0,0,0,0,0,0.000158026,0,0.00156626,0,0.00660071,0,0,0,0.00241546,0,0,0,0.00156626,0.000158026,0,0,0.00660071,0,0,0.00241546,0,0,0,0,0,0,0,0,0,0,0,0,0,0,0,0.118377,0.00791337,0.000525424,0.118377,0.00791337,0.000525424,0,
0,0,0,0,0,0,0,0,0,0,0,0,0,0,0,0,0,0,0,0,0,0,0,0.00454208,0.021517,0,0.0100758,0,0,0,0,0,0,0,0,0,0,0,0,0,0,0,0,0,0,0,0,0,0,0,0,0,0,0,0,0,0,0,0,0,0,0,0,0,0,0,0,0,0,0,0,0,0,0,0,0,0,0,0,0,0,0,0,0,0,0,0,0,0,0,0,0,0,0,0,0,0,0,0,0,0,0,0,0,0,0,0,0,0,0,0,0,0,0,0,0,0,0,0,0,0,0,0,0,0,0,0,0,0,0,0,0,0,0,0,0,0,0,0,0,0,0,0,0,0,0,0,0,0,0,
0,0.255211,0,0,0,0,0,0.0083276,0.0083276,0,0,0,0,0,0,0,0,0,0,0,0,0,0,0,0,0,0,0,0,0,0,0,0,0,0,0,0,0,0,0,0,0,0,0,0,0,0,0,0,0,0,0.276066,0.276066,0,0,0,0,0,0,0,0,0,0,0,0,0,0,0,0,0,0.344788,0.344788,0,0,0,0,0,0,0,0,0,0,0,0,0,0,0,0,0,0,0,0,0,0,0,0,0,0,0,0,0,0,0,0,0,0,0,0,0,0,0,0,0,0,0,0,0,0,0,0,0,0,0,0,0,0,0,0,0,0,0,0,0,0,0,0,0,0,0,0,0,0,0,0,0,0.0021253,0,0,0.0021253,0,
0,0.920339,0,0,0,0,0,0,0,0,0,0,0,0,0,0,0,0,0,0,0,0,0,0,0,0,0,0,0,0.0947006,0.0947006,0,0,0,0,0,0,0,0,0.207661,0.207661,0.0421921,0.0421921,0,0,0,0,0,0,0,0,0,0,0,0,0,0,0,0,0,0,0,0,0,0,0,0,0,0,0,0,0,0,0,0,0,0,0,0,0,0,0,0,0,0,0,0,0,0,0,0,0,0,0,0,0,0,0,0,0,0,0,0,0,0,0,0,0,0,0,0,0,0,0,0,0,0,0,0,0,0,0,0,0,0,0,0,0,0,0,0,0,0,0,0,0,0,0,0,0,0,0,0,0,0,0,0,0,0,0,
0,0.773264,0,0.159896,0,0,0.00181633,0,0,0,0,0,0,0.00407482,0.00407482,0,0,0,0,0,0,0,0,0,0,0,0,0.0276111,0.0276111,0.0285761,0.0285761,0.00604298,0.00604298,0,0,0.0735761,0.0735761,0,0,0.00814231,0.00814231,0.00118013,0.00118013,0.012772,0.012772,0.0112648,0.0112648,0.00137565,0.00137565,0,0,0,0,0,0,0,0,0,0,0,0,0,0.00214568,0.00214568,0,0,0.00394746,0.00394746,0.00612394,0.00612394,0.434484,0.434484,0,0.0244325,0.0244325,0,0,0,0,0,0,0.0395914,0.0395914,0.00432127,0.00432127,0,0,0,0,0,0,0,0,0,0,0,0,0,0,0,0,0,0,0,0,5.9179e-11,5.9179e-11,5.19036e-05,2.89233e-06,4.4283e-07,3.93108e-05,1.14017e-06,0.000101215,1.54965e-05,0,2.36846e-05,0.00210252,0.000828824,0.000321906,0.000166853,3.93108e-05,2.89233e-06,3.25817e-08,4.4283e-07,0.000101215,1.54965e-05,0,0.00210252,2.36846e-05,0.000828824,0.000321906,0.000166853,0,0,0,0,0,0,0,0,0,0,0,0,0.00987615,0,0,0.00987615,0,0,
0,0.330391,0,0,0,0,0,0,0,0,0,0.296095,0.296095,0,0,0,0,0,0,0,0,0,0,0,0,0,0,0,0,0,0,0,0,0,0,0,0,0,0,0,0,0,0,0,0,0.152936,0.152936,0,0,0,0,0,0,0,0,0,0,0,0,0,0,0,0.0428542,0.0428542,0,0,0,0,0,0,0,0,0,0,0,0,0,0,0,0,0,0.0737276,0.0737276,0,0,0,0,0,0,0,0,0,0,0,0,0,0,0,0,0,0,0,0,0,0,0,0,0,0,0,0,0,0,0,0,0,0,0,0,0,0,0,0,0,0,0,0,0,0,0,0,0,0,0,0,0,0,0,0,0,0,0,0,0,0,0,0,0,0,0,
0,0,0,0,0,0,0,0,0,0,0,0,0,0,0,0,0,0,0,0,0,0,0,0.00454208,0.021517,0,0.0100758,0,0,0,0,0,0,0,0,0,0,0,0,0,0,0,0,0,0,0,0,0,0,0,0,0,0,0,0,0,0,0,0,0,0,0,0,0,0,0,0,0,0,0,0,0,0,0,0,0,0,0,0,0,0,0,0,0,0,0,0,0,0,0,0,0,0,0,0,0,0,0,0,0,0,0,0,0,0,0,0,0,0,0,0,0,0,0,0,0,0,0,0,0,0,0,0,0,0,0,0,0,0,0,0,0,0,0,0,0,0,0,0,0,0,0,0,0,0,0,0,0,0,0,
0,0.631668,0,0,0.0647847,0.00481224,0,4.0841e-06,4.0841e-06,0,0,0.0122299,0.0122299,0,0,0,0,0,0,0,0,0,0,0,0,0,0,0.0180958,0.0180958,0.0650806,0.0650806,0.0355191,0.0355191,0,0,0.368039,0.368039,0.132718,0.132718,0.00699973,0.00699973,0.0152254,0.0152254,0,0,0.0252791,0.0252791,0.0232876,0.0232876,0,0,0.0767293,0.0767293,0.0624859,0.0624859,0,0,0,0,0.0334485,0.0334485,0.00628179,0,0,0.0115583,0.0115583,0,0,0.0557644,0.0557644,0,0,0,0.0113267,0.0113267,0,0,0,0,0,0,0.000404983,0.000404983,0,0,0,0,0,0,0,0,0,0,0.0390833,0.0390833,0,0,0,0,0,0,0,0,0,0,0,0,0,0.000557789,3.83123e-05,0.00151557,0.000216661,0.00857074,0.00058869,0.000284806,0.000605491,0.0239522,0.00930371,0.00164518,0.000642749,0.00151557,0.000557789,1.41004e-05,3.83123e-05,0.00857074,0.00058869,0.000284806,0.0239522,0.000605491,0.00930371,0.00164518,0.000642749,0,0,0,0,0,0,0,0,0,0,0,0,0,2.5798e-06,0,0,2.5798e-06,0,
0,0.125597,0.146772,0.141421,0,0,0,0.123238,0.123238,0,0,0.000812425,0.000812425,0.0162669,0.0162669,0,0,0,0,0,0,0,0,0,0,0,0,0,0,0,0,0,0,0,0,0.0330413,0.0330413,0,0,0,0,0.0188696,0.0188696,0,0,0,0,0,0,0.0449095,0.0449095,0.00376187,0.00376187,0,0,0,0,0,0,0,0,0,0,0,0,0,0.0920454,0.0920454,0,0,0,0,0.0390357,0,0,0,0,0,0,0,0,0,0,0,0,0,0,0,0,0,0,0,0,0,0,0,0,0,0,0,0,0,0,0,0,0,0,0,0,0,0,0,0,0,0,0,0,0,0,0,0,0,0,0,0,0,0,0,0,0,0,0,0,0,0,0,0,0,0,0,0,0,0,0,0,0.0154783,0,0,0.0154783,0,
0,0.538369,0,0,0,0,0,0,0,0,0,0,0,0,0,0,0,0,0,0,0,0,0,0,0,0,0,0,0,0,0,0,0,0,0,0,0,0,0,0,0,0,0,0,0,0,0,0,0,0,0,0,0,0,0,0,0,0,0,0,0,0,0,0,0,0,0.0198076,0.0198076,0.1652,0.1652,0,0,0.193845,0,0,0,0,0,0,0,0,0.305171,0.305171,0.239429,0.239429,0,0,0,0,0,0,0,0,0,0,0,0,0,0,0,0,0,0,0,0,0,0,0,0,0,0,0,0,0,0,0,0,0,0,0,0,0,0,0,0,0,0,0,0,0,0,0,0,0,0,0,0,0,0,0,0,0,0,0,0,0,0,0,0,0,
0,0.224208,0,0,0,0,0,0.0986484,0.0986484,0,0,0.0320268,0.0320268,0,0,0,0,0,0,0,0,0,0,0,0,0,0,0,0,0.0365931,0.0365931,0,0,0,0,0,0,0,0,0.082454,0.082454,0.0827363,0.0827363,0.0808016,0.0808016,0,0,0,0,0,0,0,0,0,0,0,0,0,0,0,0,0.0171686,0.00474326,0.00474326,0.216677,0.216677,0,0,0.128221,0.128221,0,0,0,0.0598301,0.0598301,0,0,0,0,0,0,0,0,0.0538771,0.0538771,0,0,0,0,0,0,0,0,0,0,0,0,0,0,0,0,0,0,0,0,0,0,0,0,0,0,0,0,0,0,0,0,0,0,0,0,0,0,0,0,0,0,0,0,0,0,0,0,0,0,0,0,0,0,0,0,0,0,0,0.0181164,0.0221178,0,0.0181164,0.0221178,0,
0,0.612748,0,0,0,0,0,0.00381233,0.00381233,0,0,0.00225086,0.00225086,0.192448,0.192448,0,0,0,0,0,0,0,0,0,0,0,0,0.051524,0.051524,0,0,0.0368892,0.0368892,0.0767782,0.0767782,0.0862399,0.0862399,0.00272704,0.00272704,0,0,0,0,0.248782,0.248782,0,0,0,0,0.00686465,0.00686465,0.0598438,0.0598438,0,0,0,0,0,0,0,0,0,0.00399106,0.00399106,0,0,0.0390141,0.0390141,0,0,0,0,0,0,0,0.0156905,0.0156905,0,0,0,0,0.0182723,0.0182723,0.0152558,0.0152558,0,0,0,0,0,0,0,0,0,0,0,0,0,0,0,0,0,0,0,0,0,0,0,0,0,0,0,0,0,0,0,0,0,0,0.00190068,0,0,0,0,0,0,0,0,0,0,0,0.00190068,0,0,0,0,0,0,0,0,0,0,0,0,0.152441,0.002336,0,0.152441,0.002336,0,
0,0.733329,0,0,0,0,0,0,0,0,0,0,0,0.0432563,0.0432563,0,0,0,0,0,0,0,0,0,0,0,0,0,0,0,0,0,0,0.176058,0.176058,0,0,0,0,0.000302658,0.000302658,0,0,0.323671,0.323671,0,0,0,0,0,0,0,0,0,0,0,0,0,0,0,0,0,0,0,0,0,0,0,0.0190888,0.0190888,0.215262,0.215262,0,0,0,0.0667535,0.0667535,0,0,0,0,0,0,0,0,0,0,0,0,0,0,0,0,0.063401,0.063401,0,0,0,0,0,0,0,0,0,0,0,0,0,0,0,0,0,0,0,0,0,0,0,0,0,0,0,0,0,0,0,0,0,0,0,0,0,0,0,0,0,0,0,0,0,0,0,0,0,0.237358,0,0,0.237358,0,0,
0,0.668222,0,0.039452,0,0.052283,0,0.0568008,0.0568008,0,0,0.04663,0.04663,0.0790668,0.0790668,0,0,0,0,0,0,0,0,0,0,0,0,0,0,0,0,0,0,0.0976734,0.0976734,0,0,0.0160797,0.0160797,0,0,0.284398,0.284398,0,0,0.285116,0.285116,0.0356697,0.0356697,0,0,0,0,0,0,0,0,0,0,0,0,0.0142335,0,0,0.0593771,0.0593771,0,0,0,0,0.146482,0.146482,0.0415779,0,0,0,0,0,0,0,0,0.0523497,0.0523497,0.00747865,0.00747865,0,0,0,0,0,0,0,0,0.0152706,0.0152706,0,0,0,0,0,0,0,0,0,0,0,0,0,0,0,0,0,0,0.01017,0.00166328,0,0,0,0,0,0,0,0,0,0,0.01017,0.00166328,0,0,0,0,0,0,0,0,0,0,0,0,0,0,0,0,0,0,0.0379555,0,0,0.0379555,0,
0,0.60035,0,0,0,0,0.1384,0.0387858,0.0387858,0.0166695,0.0166695,0.136869,0.136869,0,0,0,0,0,0,0,0,0,0,0,0,0,0,0,0,0,0,0.104179,0.104179,0,0,0.474511,0.474511,0.0470717,0.0470717,0,0,0,0,0.0974795,0.0974795,0,0,0,0,0.0795838,0.0795838,0,0,0.00822967,0.00822967,0,0,0,0,0,0,0,0.0368517,0.0368517,0.144614,0.144614,0,0,0.01978,0.01978,0.00590949,0.00590949,0.194983,0.0103953,0.0103953,0,0,0,0,0,0,0,0,0,0,0,0,0,0,0,0,0,0,0,0,0,0,0,0,0,0,0,0,0,0,0,0,0,0,0,0,0,0,0,0,0,0,0,0,0,0,0,0,0,0,0,0,0,0,0,0,0,0,0.00230705,0.00230705,0,0,0,0,0,0,0,0,0.0100075,0.0585219,0.0232851,0.0100075,0.0585219,0.0232851,0,
0,0.628526,0,0.151752,0.088269,0.0436188,0.04367,0,0,0.212826,0.212826,0,0,0.0821154,0.0821154,0,0,0,0,0,0,0,0,0,0,0,0,0,0,0,0,0,0,0,0,0,0,0.0391012,0.0391012,0,0,0.0186076,0.0186076,0,0,0,0,0,0,0.0724135,0.0724135,0,0,0,0,0,0,0,0,0.0648929,0.0648929,0,0,0,0,0,0,0,0,0,0,0,0,0.0594284,0.0594284,0.226748,0.226748,0,0,0,0,0,0,0.0942679,0.0942679,0,0,0,0,0,0,0,0,0.0567143,0.0567143,0,0,0,0,0,0,0,0,0,0,0,0,0,0,0,0,0,0,0,0,0,0,0,0,0,0,0,0,0,0,0,0,0,0,0,0,0,0,0.00929412,0.00929412,0,0,0,0,0,0,0,0,0.133767,0,0,0.133767,0,0,0,
0,0.536176,0,0,0,0,0.0305975,0.00113632,0.00113632,0,0,0,0,0.028294,0.028294,0,0,0,0,0,0,0,0,0,0,0,0,0,0,0.0741604,0.0741604,0.0171188,0.0171188,0.142129,0.142129,0,0,0,0,0.00303236,0.00303236,0.0856576,0.0856576,0,0,0.172153,0.172153,0.0187581,0.0187581,0.0357893,0.0357893,0,0,0.103393,0.103393,0,0,0,0,0.183901,0.183901,0.186233,0,0,0.138943,0.138943,0.174703,0.174703,0.00546775,0.00546775,0,0,0,0,0,0.0345632,0.0345632,0,0,0,0,0,0,0.0440994,0.0440994,0,0,0,0,0,0,0,0,0,0,0,0,0,0,0,0,0,0,0,0,0,0,0.00226912,0,0.000239484,0.00139111,0,0,0.00322927,0,0,0,0,0.012767,0,0.00139111,0,0,0.000239484,0,0.00322927,0,0,0,0,0.012767,0,0,0,0,0,0,0,0,0,0,0,0,0,0,0.000609268,0,0,0.000609268,0,
0,0.440828,0,0,0,0,0,0,0,0,0,0.0132806,0.0132806,0.0153902,0.0153902,0,0,0,0,0,0,0,0,0,0,0,0,0.114416,0.114416,0,0,0,0,0,0,0,0,0.048425,0.048425,0,0,0.0488304,0.0488304,0,0,0.0721689,0.0721689,0,0,0,0,0,0,0,0,0,0,0,0,0,0,0.00485036,0,0,0,0,0,0,0,0,0.14145,0.14145,0,0.0569422,0.0569422,0.235483,0.235483,0,0,0,0,0.00312835,0.00312835,0,0,0,0,0,0,0,0,0,0,0.0576113,0.0576113,0,0,0,0,0,0,0,0,0,0,0,0,0,0,0,0,0,0,0,0,0,0,0,0,0,0,0,0,0,0,0,0,0,0,0,0,0,0,0,0,0,0,0,0,0,0,0,0,0,0,0,0,0,0,0,
0,0.892283,0,0.297928,0,0,0,0.097822,0.097822,0,0,0,0,0,0,0,0,0,0,0,0,0,0,0,0,0,0,0,0,0,0,0,0,0,0,0.641085,0.641085,0.333526,0.333526,0,0,0,0,0,0,0,0,0,0,0,0,0,0,0,0,0,0,0,0,0.421013,0.421013,0,0,0,0,0,0,0,0,0,0,0,0,0,0,0,0,0,0,0,0,0,0,0,0,0,0,0,0,0,0,0,0,0,0,0,0,0,0,0,0,0,0,0,0,0,0,0,0,0,0,0,0,0,0,0,0,0,0,0,0,0,0,0,0,0,0,0,0,0,0,0,0,0,0,0,0,0,0,0,0,0,0,0,0,0.0872849,0,0,0.0872849,0,
0,0.286569,0,0,0.0508997,0,0,0,0,0.139776,0.139776,0,0,0.127706,0.127706,0,0,0,0,0,0,0,0,0,0,0,0,0.0209771,0.0209771,0,0,0.00756195,0.00756195,0,0,0,0,0,0,0.0563591,0.0563591,0,0,0,0,0.011702,0.011702,0,0,0,0,0,0,0,0,0,0,0,0,0,0,0,0,0,0,0,0,0,0.143804,0.143804,0.00946837,0.00946837,0.168123,0.112012,0.112012,0,0,0,0,0,0,0.120615,0.120615,0.0251003,0.0251003,0,0,0,0,0,0,0,0,0.00724137,0.00724137,0,0,0,0,0,0,0,0,0,0,0,0,0,0,0,0,0,0,0,0,0,0,0,0,0.000158628,0,0,0,0,0,0,0,0,0,0,0,0.000158628,0,0,0,0,0,0,0,0,0,0,0,0.0400555,0,0,0.0400555,0,0,0,
0,0.2842,0,0.00483688,0,0,0,0,0,0.120333,0.120333,0.190605,0.190605,0.0573665,0.0573665,0,0,0,0,0,0,0,0,0,0,0,0,0.149508,0.149508,0.0351173,0.0351173,0.105663,0.105663,0.0306571,0.0306571,0.0257446,0.0257446,0.0575877,0.0575877,0,0,0,0,0.0335702,0.0335702,0.0930084,0.0930084,0.0075672,0.0075672,0.0403645,0.0403645,0.113979,0.113979,0,0,0,0,0,0,0,0,0.0040484,0,0,0.120434,0.120434,0,0,0,0,0,0,0,0.0161897,0.0161897,0.0472858,0.0472858,0,0,0,0,0.103377,0.103377,0,0,0,0,0,0,0,0,0,0,0,0,0,0,0,0,0,0,0,0,0,0,0,0,0,6.84136e-06,2.4716e-05,0.00026574,1.81194e-05,0.000194815,0.000703813,0.00144235,8.40871e-05,0.000904081,0.00239446,0.0032662,0.0157974,0.00026574,6.84136e-06,6.36304e-07,2.4716e-05,0.000194815,0.000703813,0.00144235,0.000904081,8.40871e-05,0.00239446,0.0032662,0.0157974,0,0,0,0,0,0,0,0,0,0,0,0.0341987,0.00954066,0,0.0341987,0.00954066,0,0,
0,0,0,0,0,0,0,0,0,0,0,0,0,0,0,0,0,0,0,0,0,0,0,0.00454208,0.021517,0,0.0100758,0,0,0,0,0,0,0,0,0,0,0,0,0,0,0,0,0,0,0,0,0,0,0,0,0,0,0,0,0,0,0,0,0,0,0,0,0,0,0,0,0,0,0,0,0,0,0,0,0,0,0,0,0,0,0,0,0,0,0,0,0,0,0,0,0,0,0,0,0,0,0,0,0,0,0,0,0,0,0,0,0,0,0,0,0,0,0,0,0,0,0,0,0,0,0,0,0,0,0,0,0,0,0,0,0,0,0,0,0,0,0,0,0,0,0,0,0,0,0,0,0,0,0,
0,0.863475,0,0.145391,0.016015,0.137954,0,0.135353,0.135353,0,0,0,0,0,0,0,0,0,0,0,0,0,0,0,0,0,0,0,0,0.0962992,0.0962992,0,0,0,0,0,0,0.18531,0.18531,0.0222802,0.0222802,0.0523902,0.0523902,0,0,0,0,0.0380219,0.0380219,0.321011,0.321011,0,0,0,0,0,0,0,0,0,0,0,0,0,0,0,0.108928,0.108928,0,0,0,0,0,0.0102814,0.0102814,0,0,0,0,0,0,0,0,0,0,0,0,0,0,0,0,0,0,0.181788,0.181788,0,0,0,0,0,0,0,0,0,0,0,0,0,0,0,0.00366147,0,0,0,0,0,0,0,0,0,0.00366147,0,0,0,0,0,0,0,0,0,0,0,0,0,0,0,0,0,0,0,0,0,0,0,0,0.116874,0,0,0.116874,0,
0,0.271479,0,0,0,0,0,0,0,0,0,0,0,0,0,0,0,0,0,0,0,0,0,0,0,0,0,0,0,0,0,0,0,0,0,0,0,0,0,0,0,0,0,0,0,0,0,0,0,0,0,0,0,0,0,0,0,0,0,0,0,0,0,0,0.2854,0.2854,0,0,0,0,0,0,0,0,0,0,0,0,0,0,0,0,0,0,0,0,0,0,0,0,0,0,0,0.0474377,0.0474377,0,0,0,0,0,0,0,0,0,0,0,0,0,0,0,0,0,0,0,0,0,0,0,0,0,0,0,0,0,0,0,0,0,0,0,0,0,0,0,0,0,0,0,0,0,0,0,0,0,0,0,0,0,0,0,
0,0,0,0,0,0,0,0,0,0,0,0,0,0,0,0,0,0,0,0,0,0,0,0.00454208,0.021517,0,0.0100758,0,0,0,0,0,0,0,0,0,0,0,0,0,0,0,0,0,0,0,0,0,0,0,0,0,0,0,0,0,0,0,0,0,0,0,0,0,0,0,0,0,0,0,0,0,0,0,0,0,0,0,0,0,0,0,0,0,0,0,0,0,0,0,0,0,0,0,0,0,0,0,0,0,0,0,0,0,0,0,0,0,0,0,0,0,0,0,0,0,0,0,0,0,0,0,0,0,0,0,0,0,0,0,0,0,0,0,0,0,0,0,0,0,0,0,0,0,0,0,0,0,0,0,
